dilemmas_tables	3
generate	key	localised_description	localised_title	ui_icon	ui_image	prioritized	event_category
false	shield_ally_region_vik_reg_abberdeon	Our ally has a rightful claim to the region of Abberdeon, which through the chaos of war we have come to hold. They request that we return this land to their control.	Allied Land Claim -Abberdeon	message_generic_news.png	vik_event_subject_arrives	true	Ybor
false	shield_ally_region_vik_reg_aberffro	Our ally has a rightful claim to the region of Aberffro, which through the chaos of war we have come to hold. They request that we return this land to their control.	Allied Land Claim -Aberffro	message_generic_news.png	vik_event_subject_arrives	true	Ybor
false	shield_ally_region_vik_reg_aberteifi	Our ally has a rightful claim to the region of Aberteifi, which through the chaos of war we have come to hold. They request that we return this land to their control.	Allied Land Claim -Aberteifi	message_generic_news.png	vik_event_subject_arrives	true	Ybor
false	shield_ally_region_vik_reg_achadh_bo	Our ally has a rightful claim to the region of Achadh Bó, which through the chaos of war we have come to hold. They request that we return this land to their control.	Allied Land Claim -Achadh Bó	message_generic_news.png	vik_event_subject_arrives	true	Ybor
false	shield_ally_region_vik_reg_aebburcurnig	Our ally has a rightful claim to the region of Aebburcurnig, which through the chaos of war we have come to hold. They request that we return this land to their control.	Allied Land Claim -Aebburcurnig	message_generic_news.png	vik_event_subject_arrives	true	Ybor
false	shield_ally_region_vik_reg_aelmham	Our ally has a rightful claim to the region of Aelmham, which through the chaos of war we have come to hold. They request that we return this land to their control.	Allied Land Claim -Aelmham	message_generic_news.png	vik_event_subject_arrives	true	Ybor
false	shield_ally_region_vik_reg_aethelingaeg	Our ally has a rightful claim to the region of Aethelingaeg, which through the chaos of war we have come to hold. They request that we return this land to their control.	Allied Land Claim -Aethelingaeg	message_generic_news.png	vik_event_subject_arrives	true	Ybor
false	shield_ally_region_vik_reg_airchardan	Our ally has a rightful claim to the region of Airchardan, which through the chaos of war we have come to hold. They request that we return this land to their control.	Allied Land Claim -Airchardan	message_generic_news.png	vik_event_subject_arrives	true	Ybor
false	shield_ally_region_vik_reg_alclyt	Our ally has a rightful claim to the region of Alclyt, which through the chaos of war we have come to hold. They request that we return this land to their control.	Allied Land Claim -Alclyt	message_generic_news.png	vik_event_subject_arrives	true	Ybor
false	shield_ally_region_vik_reg_alt_clut	Our ally has a rightful claim to the region of Alt Clut, which through the chaos of war we have come to hold. They request that we return this land to their control.	Allied Land Claim -Alt Clut	message_generic_news.png	vik_event_subject_arrives	true	Ybor
false	shield_ally_region_vik_reg_an_tinbhear_mor	Our ally has a rightful claim to the region of An tinbhear Mor, which through the chaos of war we have come to hold. They request that we return this land to their control.	Allied Land Claim -An tinbhear Mor	message_generic_news.png	vik_event_subject_arrives	true	Ybor
false	shield_ally_region_vik_reg_aporcrosan	Our ally has a rightful claim to the region of Aporcrosan, which through the chaos of war we have come to hold. They request that we return this land to their control.	Allied Land Claim -Aporcrosan	message_generic_news.png	vik_event_subject_arrives	true	Ybor
false	shield_ally_region_vik_reg_ard_fert	Our ally has a rightful claim to the region of Ard Fert, which through the chaos of war we have come to hold. They request that we return this land to their control.	Allied Land Claim -Ard Fert	message_generic_news.png	vik_event_subject_arrives	true	Ybor
false	shield_ally_region_vik_reg_ard_macha	Our ally has a rightful claim to the region of Ard Macha, which through the chaos of war we have come to hold. They request that we return this land to their control.	Allied Land Claim -Ard Macha	message_generic_news.png	vik_event_subject_arrives	true	Ybor
false	shield_ally_region_vik_reg_ard_mor	Our ally has a rightful claim to the region of Ard Mór, which through the chaos of war we have come to hold. They request that we return this land to their control.	Allied Land Claim -Ard Mór	message_generic_news.png	vik_event_subject_arrives	true	Ybor
false	shield_ally_region_vik_reg_ard_sratha	Our ally has a rightful claim to the region of Ard Sratha, which through the chaos of war we have come to hold. They request that we return this land to their control.	Allied Land Claim -Ard Sratha	message_generic_news.png	vik_event_subject_arrives	true	Ybor
false	shield_ally_region_vik_reg_ardach	Our ally has a rightful claim to the region of Ardach, which through the chaos of war we have come to hold. They request that we return this land to their control.	Allied Land Claim -Ardach	message_generic_news.png	vik_event_subject_arrives	true	Ybor
false	shield_ally_region_vik_reg_axanbrycg	Our ally has a rightful claim to the region of Axanbrycg, which through the chaos of war we have come to hold. They request that we return this land to their control.	Allied Land Claim -Axanbrycg	message_generic_news.png	vik_event_subject_arrives	true	Ybor
false	shield_ally_region_vik_reg_balla	Our ally has a rightful claim to the region of Balla, which through the chaos of war we have come to hold. They request that we return this land to their control.	Allied Land Claim -Balla	message_generic_news.png	vik_event_subject_arrives	true	Ybor
false	shield_ally_region_vik_reg_basengas	Our ally has a rightful claim to the region of Basengas, which through the chaos of war we have come to hold. They request that we return this land to their control.	Allied Land Claim -Basengas	message_generic_news.png	vik_event_subject_arrives	true	Ybor
false	shield_ally_region_vik_reg_bathanceaster	Our ally has a rightful claim to the region of Bathanceaster, which through the chaos of war we have come to hold. They request that we return this land to their control.	Allied Land Claim -Bathanceaster	message_generic_news.png	vik_event_subject_arrives	true	Ybor
false	shield_ally_region_vik_reg_bebbanburg	Our ally has a rightful claim to the region of Bebbanburg, which through the chaos of war we have come to hold. They request that we return this land to their control.	Allied Land Claim -Bebbanburg	message_generic_news.png	vik_event_subject_arrives	true	Ybor
false	shield_ally_region_vik_reg_bedanford	Our ally has a rightful claim to the region of Bedanford, which through the chaos of war we have come to hold. They request that we return this land to their control.	Allied Land Claim -Bedanford	message_generic_news.png	vik_event_subject_arrives	true	Ybor
false	shield_ally_region_vik_reg_beoferlic	Our ally has a rightful claim to the region of Beoferlic, which through the chaos of war we have come to hold. They request that we return this land to their control.	Allied Land Claim -Beoferlic	message_generic_news.png	vik_event_subject_arrives	true	Ybor
false	shield_ally_region_vik_reg_blascona	Our ally has a rightful claim to the region of Blascona, which through the chaos of war we have come to hold. They request that we return this land to their control.	Allied Land Claim -Blascona	message_generic_news.png	vik_event_subject_arrives	true	Ybor
false	shield_ally_region_vik_reg_bodmine	Our ally has a rightful claim to the region of Bodmine, which through the chaos of war we have come to hold. They request that we return this land to their control.	Allied Land Claim -Bodmine	message_generic_news.png	vik_event_subject_arrives	true	Ybor
false	shield_ally_region_vik_reg_bornais	Our ally has a rightful claim to the region of Bornais, which through the chaos of war we have come to hold. They request that we return this land to their control.	Allied Land Claim -Bornais	message_generic_news.png	vik_event_subject_arrives	true	Ybor
false	shield_ally_region_vik_reg_brechin	Our ally has a rightful claim to the region of Brechin, which through the chaos of war we have come to hold. They request that we return this land to their control.	Allied Land Claim -Brechin	message_generic_news.png	vik_event_subject_arrives	true	Ybor
false	shield_ally_region_vik_reg_brideport	Our ally has a rightful claim to the region of Brideport, which through the chaos of war we have come to hold. They request that we return this land to their control.	Allied Land Claim -Brideport	message_generic_news.png	vik_event_subject_arrives	true	Ybor
false	shield_ally_region_vik_reg_brug	Our ally has a rightful claim to the region of Brug, which through the chaos of war we have come to hold. They request that we return this land to their control.	Allied Land Claim -Brug	message_generic_news.png	vik_event_subject_arrives	true	Ybor
false	shield_ally_region_vik_reg_buccingahamm	Our ally has a rightful claim to the region of Buccingahamm, which through the chaos of war we have come to hold. They request that we return this land to their control.	Allied Land Claim -Buccingahamm	message_generic_news.png	vik_event_subject_arrives	true	Ybor
false	shield_ally_region_vik_reg_cair_gwent	Our ally has a rightful claim to the region of Cair Gwent, which through the chaos of war we have come to hold. They request that we return this land to their control.	Allied Land Claim -Cair Gwent	message_generic_news.png	vik_event_subject_arrives	true	Ybor
false	shield_ally_region_vik_reg_cair_mirddin	Our ally has a rightful claim to the region of Cair Mirddin, which through the chaos of war we have come to hold. They request that we return this land to their control.	Allied Land Claim -Cair Mirddin	message_generic_news.png	vik_event_subject_arrives	true	Ybor
false	shield_ally_region_vik_reg_cair_segeint	Our ally has a rightful claim to the region of Cair Segeint, which through the chaos of war we have come to hold. They request that we return this land to their control.	Allied Land Claim -Cair Segeint	message_generic_news.png	vik_event_subject_arrives	true	Ybor
false	shield_ally_region_vik_reg_cairlinn	Our ally has a rightful claim to the region of Cairlinn, which through the chaos of war we have come to hold. They request that we return this land to their control.	Allied Land Claim -Cairlinn	message_generic_news.png	vik_event_subject_arrives	true	Ybor
false	shield_ally_region_vik_reg_caisil	Our ally has a rightful claim to the region of Caisil, which through the chaos of war we have come to hold. They request that we return this land to their control.	Allied Land Claim -Caisil	message_generic_news.png	vik_event_subject_arrives	true	Ybor
false	shield_ally_region_vik_reg_cantwaraburg	Our ally has a rightful claim to the region of Cantwaraburg, which through the chaos of war we have come to hold. They request that we return this land to their control.	Allied Land Claim -Cantwaraburg	message_generic_news.png	vik_event_subject_arrives	true	Ybor
false	shield_ally_region_vik_reg_carleol	Our ally has a rightful claim to the region of Carleol, which through the chaos of war we have come to hold. They request that we return this land to their control.	Allied Land Claim -Carleol	message_generic_news.png	vik_event_subject_arrives	true	Ybor
false	shield_ally_region_vik_reg_casteltoun	Our ally has a rightful claim to the region of Casteltoun, which through the chaos of war we have come to hold. They request that we return this land to their control.	Allied Land Claim -Casteltoun	message_generic_news.png	vik_event_subject_arrives	true	Ybor
false	shield_ally_region_vik_reg_cathair_commain	Our ally has a rightful claim to the region of Cathair Commáin, which through the chaos of war we have come to hold. They request that we return this land to their control.	Allied Land Claim -Cathair Commáin	message_generic_news.png	vik_event_subject_arrives	true	Ybor
false	shield_ally_region_vik_reg_cathair_domnaill	Our ally has a rightful claim to the region of Cathair Domnaill, which through the chaos of war we have come to hold. They request that we return this land to their control.	Allied Land Claim -Cathair Domnaill	message_generic_news.png	vik_event_subject_arrives	true	Ybor
false	shield_ally_region_vik_reg_ceaster	Our ally has a rightful claim to the region of Ceaster, which through the chaos of war we have come to hold. They request that we return this land to their control.	Allied Land Claim -Ceaster	message_generic_news.png	vik_event_subject_arrives	true	Ybor
false	shield_ally_region_vik_reg_cell_alaid	Our ally has a rightful claim to the region of Cell Alaid, which through the chaos of war we have come to hold. They request that we return this land to their control.	Allied Land Claim -Cell Alaid	message_generic_news.png	vik_event_subject_arrives	true	Ybor
false	shield_ally_region_vik_reg_cell_cainning	Our ally has a rightful claim to the region of Cell Cainning, which through the chaos of war we have come to hold. They request that we return this land to their control.	Allied Land Claim -Cell Cainning	message_generic_news.png	vik_event_subject_arrives	true	Ybor
false	shield_ally_region_vik_reg_cell_daltain	Our ally has a rightful claim to the region of Cell Daltáin, which through the chaos of war we have come to hold. They request that we return this land to their control.	Allied Land Claim -Cell Daltáin	message_generic_news.png	vik_event_subject_arrives	true	Ybor
false	shield_ally_region_vik_reg_cell_maic_aeda	Our ally has a rightful claim to the region of Cell maic Áeda, which through the chaos of war we have come to hold. They request that we return this land to their control.	Allied Land Claim -Cell maic Áeda	message_generic_news.png	vik_event_subject_arrives	true	Ybor
false	shield_ally_region_vik_reg_cell_mor	Our ally has a rightful claim to the region of Cell Mór, which through the chaos of war we have come to hold. They request that we return this land to their control.	Allied Land Claim -Cell Mór	message_generic_news.png	vik_event_subject_arrives	true	Ybor
false	shield_ally_region_vik_reg_celmeresfort	Our ally has a rightful claim to the region of Celmeresfort, which through the chaos of war we have come to hold. They request that we return this land to their control.	Allied Land Claim -Celmeresfort	message_generic_news.png	vik_event_subject_arrives	true	Ybor
false	shield_ally_region_vik_reg_cenannas	Our ally has a rightful claim to the region of Cenannas, which through the chaos of war we have come to hold. They request that we return this land to their control.	Allied Land Claim -Cenannas	message_generic_news.png	vik_event_subject_arrives	true	Ybor
false	shield_ally_region_vik_reg_cenn_rigmonid	Our ally has a rightful claim to the region of Cenn Rigmonid, which through the chaos of war we have come to hold. They request that we return this land to their control.	Allied Land Claim -Cenn Rigmonid	message_generic_news.png	vik_event_subject_arrives	true	Ybor
false	shield_ally_region_vik_reg_cetretha	Our ally has a rightful claim to the region of Cetretha, which through the chaos of war we have come to hold. They request that we return this land to their control.	Allied Land Claim -Cetretha	message_generic_news.png	vik_event_subject_arrives	true	Ybor
false	shield_ally_region_vik_reg_cherchebi	Our ally has a rightful claim to the region of Cherchebi, which through the chaos of war we have come to hold. They request that we return this land to their control.	Allied Land Claim -Cherchebi	message_generic_news.png	vik_event_subject_arrives	true	Ybor
false	shield_ally_region_vik_reg_cippanhamm	Our ally has a rightful claim to the region of Cippanhamm, which through the chaos of war we have come to hold. They request that we return this land to their control.	Allied Land Claim -Cippanhamm	message_generic_news.png	vik_event_subject_arrives	true	Ybor
false	shield_ally_region_vik_reg_cirenceaster	Our ally has a rightful claim to the region of Cirenceaster, which through the chaos of war we have come to hold. They request that we return this land to their control.	Allied Land Claim -Cirenceaster	message_generic_news.png	vik_event_subject_arrives	true	Ybor
false	shield_ally_region_vik_reg_cissanbyrig	Our ally has a rightful claim to the region of Cissanbyrig, which through the chaos of war we have come to hold. They request that we return this land to their control.	Allied Land Claim -Cissanbyrig	message_generic_news.png	vik_event_subject_arrives	true	Ybor
false	shield_ally_region_vik_reg_clocher	Our ally has a rightful claim to the region of Clocher, which through the chaos of war we have come to hold. They request that we return this land to their control.	Allied Land Claim -Clocher	message_generic_news.png	vik_event_subject_arrives	true	Ybor
false	shield_ally_region_vik_reg_cluain	Our ally has a rightful claim to the region of Cluain, which through the chaos of war we have come to hold. They request that we return this land to their control.	Allied Land Claim -Cluain	message_generic_news.png	vik_event_subject_arrives	true	Ybor
false	shield_ally_region_vik_reg_cluain_eoais	Our ally has a rightful claim to the region of Cluain Eoais, which through the chaos of war we have come to hold. They request that we return this land to their control.	Allied Land Claim -Cluain Eoais	message_generic_news.png	vik_event_subject_arrives	true	Ybor
false	shield_ally_region_vik_reg_cluain_iraird	Our ally has a rightful claim to the region of Cluain Iraird, which through the chaos of war we have come to hold. They request that we return this land to their control.	Allied Land Claim -Cluain Iraird	message_generic_news.png	vik_event_subject_arrives	true	Ybor
false	shield_ally_region_vik_reg_cluain_mac_nois	Our ally has a rightful claim to the region of Cluain Mac Nois, which through the chaos of war we have come to hold. They request that we return this land to their control.	Allied Land Claim -Cluain Mac Nois	message_generic_news.png	vik_event_subject_arrives	true	Ybor
false	shield_ally_region_vik_reg_cluain_mor	Our ally has a rightful claim to the region of Cluain Mór, which through the chaos of war we have come to hold. They request that we return this land to their control.	Allied Land Claim -Cluain Mór	message_generic_news.png	vik_event_subject_arrives	true	Ybor
false	shield_ally_region_vik_reg_cnodba	Our ally has a rightful claim to the region of Cnódba, which through the chaos of war we have come to hold. They request that we return this land to their control.	Allied Land Claim -Cnódba	message_generic_news.png	vik_event_subject_arrives	true	Ybor
false	shield_ally_region_vik_reg_coinnire	Our ally has a rightful claim to the region of Coinnire, which through the chaos of war we have come to hold. They request that we return this land to their control.	Allied Land Claim -Coinnire	message_generic_news.png	vik_event_subject_arrives	true	Ybor
false	shield_ally_region_vik_reg_coldingaham	Our ally has a rightful claim to the region of Coldingaham, which through the chaos of war we have come to hold. They request that we return this land to their control.	Allied Land Claim -Coldingaham	message_generic_news.png	vik_event_subject_arrives	true	Ybor
false	shield_ally_region_vik_reg_colneceaster	Our ally has a rightful claim to the region of Colneceaster, which through the chaos of war we have come to hold. They request that we return this land to their control.	Allied Land Claim -Colneceaster	message_generic_news.png	vik_event_subject_arrives	true	Ybor
false	shield_ally_region_vik_reg_corcach	Our ally has a rightful claim to the region of Corcach, which through the chaos of war we have come to hold. They request that we return this land to their control.	Allied Land Claim -Corcach	message_generic_news.png	vik_event_subject_arrives	true	Ybor
false	shield_ally_region_vik_reg_cridiatune	Our ally has a rightful claim to the region of Cridiatune, which through the chaos of war we have come to hold. They request that we return this land to their control.	Allied Land Claim -Cridiatune	message_generic_news.png	vik_event_subject_arrives	true	Ybor
false	shield_ally_region_vik_reg_dacor	Our ally has a rightful claim to the region of Dacor, which through the chaos of war we have come to hold. They request that we return this land to their control.	Allied Land Claim -Dacor	message_generic_news.png	vik_event_subject_arrives	true	Ybor
false	shield_ally_region_vik_reg_dear	Our ally has a rightful claim to the region of Déar, which through the chaos of war we have come to hold. They request that we return this land to their control.	Allied Land Claim -Déar	message_generic_news.png	vik_event_subject_arrives	true	Ybor
false	shield_ally_region_vik_reg_deoraby	Our ally has a rightful claim to the region of Deoraby, which through the chaos of war we have come to hold. They request that we return this land to their control.	Allied Land Claim -Deoraby	message_generic_news.png	vik_event_subject_arrives	true	Ybor
false	shield_ally_region_vik_reg_din_prys	Our ally has a rightful claim to the region of Din Prys, which through the chaos of war we have come to hold. They request that we return this land to their control.	Allied Land Claim -Din Prys	message_generic_news.png	vik_event_subject_arrives	true	Ybor
false	shield_ally_region_vik_reg_dinas_powis	Our ally has a rightful claim to the region of Dinas Powis, which through the chaos of war we have come to hold. They request that we return this land to their control.	Allied Land Claim -Dinas Powis	message_generic_news.png	vik_event_subject_arrives	true	Ybor
false	shield_ally_region_vik_reg_dinefwr	Our ally has a rightful claim to the region of Dinefwr, which through the chaos of war we have come to hold. They request that we return this land to their control.	Allied Land Claim -Dinefwr	message_generic_news.png	vik_event_subject_arrives	true	Ybor
false	shield_ally_region_vik_reg_dofere	Our ally has a rightful claim to the region of Dofere, which through the chaos of war we have come to hold. They request that we return this land to their control.	Allied Land Claim -Dofere	message_generic_news.png	vik_event_subject_arrives	true	Ybor
false	shield_ally_region_vik_reg_domuc	Our ally has a rightful claim to the region of Domuc, which through the chaos of war we have come to hold. They request that we return this land to their control.	Allied Land Claim -Domuc	message_generic_news.png	vik_event_subject_arrives	true	Ybor
false	shield_ally_region_vik_reg_doneceaster	Our ally has a rightful claim to the region of Doneceaster, which through the chaos of war we have come to hold. They request that we return this land to their control.	Allied Land Claim -Doneceaster	message_generic_news.png	vik_event_subject_arrives	true	Ybor
false	shield_ally_region_vik_reg_dor	Our ally has a rightful claim to the region of Dor, which through the chaos of war we have come to hold. They request that we return this land to their control.	Allied Land Claim -Dor	message_generic_news.png	vik_event_subject_arrives	true	Ybor
false	shield_ally_region_vik_reg_doreceaster	Our ally has a rightful claim to the region of Doreceaster, which through the chaos of war we have come to hold. They request that we return this land to their control.	Allied Land Claim -Doreceaster	message_generic_news.png	vik_event_subject_arrives	true	Ybor
false	shield_ally_region_vik_reg_drayton	Our ally has a rightful claim to the region of Drayton, which through the chaos of war we have come to hold. They request that we return this land to their control.	Allied Land Claim -Drayton	message_generic_news.png	vik_event_subject_arrives	true	Ybor
false	shield_ally_region_vik_reg_druim_collachair	Our ally has a rightful claim to the region of Druim Collachair, which through the chaos of war we have come to hold. They request that we return this land to their control.	Allied Land Claim -Druim Collachair	message_generic_news.png	vik_event_subject_arrives	true	Ybor
false	shield_ally_region_vik_reg_druim_da_ethiar	Our ally has a rightful claim to the region of Druim dá Ethiar, which through the chaos of war we have come to hold. They request that we return this land to their control.	Allied Land Claim -Druim dá Ethiar	message_generic_news.png	vik_event_subject_arrives	true	Ybor
false	shield_ally_region_vik_reg_dugannu	Our ally has a rightful claim to the region of Dugannu, which through the chaos of war we have come to hold. They request that we return this land to their control.	Allied Land Claim -Dugannu	message_generic_news.png	vik_event_subject_arrives	true	Ybor
false	shield_ally_region_vik_reg_dun_aberte	Our ally has a rightful claim to the region of Dún Aberte, which through the chaos of war we have come to hold. They request that we return this land to their control.	Allied Land Claim -Dún Aberte	message_generic_news.png	vik_event_subject_arrives	true	Ybor
false	shield_ally_region_vik_reg_dun_att	Our ally has a rightful claim to the region of Dún Att, which through the chaos of war we have come to hold. They request that we return this land to their control.	Allied Land Claim -Dún Att	message_generic_news.png	vik_event_subject_arrives	true	Ybor
false	shield_ally_region_vik_reg_dun_beccan	Our ally has a rightful claim to the region of Dún Beccán, which through the chaos of war we have come to hold. They request that we return this land to their control.	Allied Land Claim -Dún Beccán	message_generic_news.png	vik_event_subject_arrives	true	Ybor
false	shield_ally_region_vik_reg_dun_blann	Our ally has a rightful claim to the region of Dún Blann, which through the chaos of war we have come to hold. They request that we return this land to their control.	Allied Land Claim -Dún Blann	message_generic_news.png	vik_event_subject_arrives	true	Ybor
false	shield_ally_region_vik_reg_dun_cailden	Our ally has a rightful claim to the region of Dún Cailden, which through the chaos of war we have come to hold. They request that we return this land to their control.	Allied Land Claim -Dún Cailden	message_generic_news.png	vik_event_subject_arrives	true	Ybor
false	shield_ally_region_vik_reg_dun_domnaill	Our ally has a rightful claim to the region of Dùn Dómnaill, which through the chaos of war we have come to hold. They request that we return this land to their control.	Allied Land Claim -Dùn Dómnaill	message_generic_news.png	vik_event_subject_arrives	true	Ybor
false	shield_ally_region_vik_reg_dun_duirn	Our ally has a rightful claim to the region of Dùn Duirn, which through the chaos of war we have come to hold. They request that we return this land to their control.	Allied Land Claim -Dùn Duirn	message_generic_news.png	vik_event_subject_arrives	true	Ybor
false	shield_ally_region_vik_reg_dun_eachainn	Our ally has a rightful claim to the region of Dùn Eachainn, which through the chaos of war we have come to hold. They request that we return this land to their control.	Allied Land Claim -Dùn Eachainn	message_generic_news.png	vik_event_subject_arrives	true	Ybor
false	shield_ally_region_vik_reg_dun_foither	Our ally has a rightful claim to the region of Dún Foither, which through the chaos of war we have come to hold. They request that we return this land to their control.	Allied Land Claim -Dún Foither	message_generic_news.png	vik_event_subject_arrives	true	Ybor
false	shield_ally_region_vik_reg_dun_na_ngall	Our ally has a rightful claim to the region of Dún na nGall, which through the chaos of war we have come to hold. They request that we return this land to their control.	Allied Land Claim -Dún na nGall	message_generic_news.png	vik_event_subject_arrives	true	Ybor
false	shield_ally_region_vik_reg_dun_nechtain	Our ally has a rightful claim to the region of Dún Nechtain, which through the chaos of war we have come to hold. They request that we return this land to their control.	Allied Land Claim -Dún Nechtain	message_generic_news.png	vik_event_subject_arrives	true	Ybor
false	shield_ally_region_vik_reg_dun_ollaig	Our ally has a rightful claim to the region of Dún Ollaig, which through the chaos of war we have come to hold. They request that we return this land to their control.	Allied Land Claim -Dún Ollaig	message_generic_news.png	vik_event_subject_arrives	true	Ybor
false	shield_ally_region_vik_reg_dun_patraic	Our ally has a rightful claim to the region of Dún Pátraic, which through the chaos of war we have come to hold. They request that we return this land to their control.	Allied Land Claim -Dún Pátraic	message_generic_news.png	vik_event_subject_arrives	true	Ybor
false	shield_ally_region_vik_reg_dun_sebuirgi	Our ally has a rightful claim to the region of Dún Sebuirgi, which through the chaos of war we have come to hold. They request that we return this land to their control.	Allied Land Claim -Dún Sebuirgi	message_generic_news.png	vik_event_subject_arrives	true	Ybor
false	shield_ally_region_vik_reg_dunholm	Our ally has a rightful claim to the region of Dunholm, which through the chaos of war we have come to hold. They request that we return this land to their control.	Allied Land Claim -Dunholm	message_generic_news.png	vik_event_subject_arrives	true	Ybor
false	shield_ally_region_vik_reg_dyflin	Our ally has a rightful claim to the region of Dyflin, which through the chaos of war we have come to hold. They request that we return this land to their control.	Allied Land Claim -Dyflin	message_generic_news.png	vik_event_subject_arrives	true	Ybor
false	shield_ally_region_vik_reg_dynbaer	Our ally has a rightful claim to the region of Dynbaer, which through the chaos of war we have come to hold. They request that we return this land to their control.	Allied Land Claim -Dynbaer	message_generic_news.png	vik_event_subject_arrives	true	Ybor
false	shield_ally_region_vik_reg_earmutha	Our ally has a rightful claim to the region of Earmutha, which through the chaos of war we have come to hold. They request that we return this land to their control.	Allied Land Claim -Earmutha	message_generic_news.png	vik_event_subject_arrives	true	Ybor
false	shield_ally_region_vik_reg_ebbesham	Our ally has a rightful claim to the region of Ebbesham, which through the chaos of war we have come to hold. They request that we return this land to their control.	Allied Land Claim -Ebbesham	message_generic_news.png	vik_event_subject_arrives	true	Ybor
false	shield_ally_region_vik_reg_eidenburg	Our ally has a rightful claim to the region of Eidenburg, which through the chaos of war we have come to hold. They request that we return this land to their control.	Allied Land Claim -Eidenburg	message_generic_news.png	vik_event_subject_arrives	true	Ybor
false	shield_ally_region_vik_reg_elig	Our ally has a rightful claim to the region of Elig, which through the chaos of war we have come to hold. They request that we return this land to their control.	Allied Land Claim -Elig	message_generic_news.png	vik_event_subject_arrives	true	Ybor
false	shield_ally_region_vik_reg_eoferwic	Our ally has a rightful claim to the region of Eoferwic, which through the chaos of war we have come to hold. They request that we return this land to their control.	Allied Land Claim -Eoferwic	message_generic_news.png	vik_event_subject_arrives	true	Ybor
false	shield_ally_region_vik_reg_eofesham	Our ally has a rightful claim to the region of Eofesham, which through the chaos of war we have come to hold. They request that we return this land to their control.	Allied Land Claim -Eofesham	message_generic_news.png	vik_event_subject_arrives	true	Ybor
false	shield_ally_region_vik_reg_ethandun	Our ally has a rightful claim to the region of Ethandun, which through the chaos of war we have come to hold. They request that we return this land to their control.	Allied Land Claim -Ethandun	message_generic_news.png	vik_event_subject_arrives	true	Ybor
false	shield_ally_region_vik_reg_exanceaster	Our ally has a rightful claim to the region of Exanceaster, which through the chaos of war we have come to hold. They request that we return this land to their control.	Allied Land Claim -Exanceaster	message_generic_news.png	vik_event_subject_arrives	true	Ybor
false	shield_ally_region_vik_reg_ferna	Our ally has a rightful claim to the region of Ferna, which through the chaos of war we have come to hold. They request that we return this land to their control.	Allied Land Claim -Ferna	message_generic_news.png	vik_event_subject_arrives	true	Ybor
false	shield_ally_region_vik_reg_flichesburg	Our ally has a rightful claim to the region of Flichesburg, which through the chaos of war we have come to hold. They request that we return this land to their control.	Allied Land Claim -Flichesburg	message_generic_news.png	vik_event_subject_arrives	true	Ybor
false	shield_ally_region_vik_reg_forais	Our ally has a rightful claim to the region of Forais, which through the chaos of war we have come to hold. They request that we return this land to their control.	Allied Land Claim -Forais	message_generic_news.png	vik_event_subject_arrives	true	Ybor
false	shield_ally_region_vik_reg_gipeswic	Our ally has a rightful claim to the region of Gipeswic, which through the chaos of war we have come to hold. They request that we return this land to their control.	Allied Land Claim -Gipeswic	message_generic_news.png	vik_event_subject_arrives	true	Ybor
false	shield_ally_region_vik_reg_glastingburi	Our ally has a rightful claim to the region of Glastingburi, which through the chaos of war we have come to hold. They request that we return this land to their control.	Allied Land Claim -Glastingburi	message_generic_news.png	vik_event_subject_arrives	true	Ybor
false	shield_ally_region_vik_reg_gleann_da_loch	Our ally has a rightful claim to the region of Gleann dá Loch, which through the chaos of war we have come to hold. They request that we return this land to their control.	Allied Land Claim -Gleann dá Loch	message_generic_news.png	vik_event_subject_arrives	true	Ybor
false	shield_ally_region_vik_reg_gleawceaster	Our ally has a rightful claim to the region of Gleawceaster, which through the chaos of war we have come to hold. They request that we return this land to their control.	Allied Land Claim -Gleawceaster	message_generic_news.png	vik_event_subject_arrives	true	Ybor
false	shield_ally_region_vik_reg_grantabrycg	Our ally has a rightful claim to the region of Grantabrycg, which through the chaos of war we have come to hold. They request that we return this land to their control.	Allied Land Claim -Grantabrycg	message_generic_news.png	vik_event_subject_arrives	true	Ybor
false	shield_ally_region_vik_reg_grianan_aileach	Our ally has a rightful claim to the region of Grianán Aileach, which through the chaos of war we have come to hold. They request that we return this land to their control.	Allied Land Claim -Grianán Aileach	message_generic_news.png	vik_event_subject_arrives	true	Ybor
false	shield_ally_region_vik_reg_guldeford	Our ally has a rightful claim to the region of Guldeford, which through the chaos of war we have come to hold. They request that we return this land to their control.	Allied Land Claim -Guldeford	message_generic_news.png	vik_event_subject_arrives	true	Ybor
false	shield_ally_region_vik_reg_guvan	Our ally has a rightful claim to the region of Guvan, which through the chaos of war we have come to hold. They request that we return this land to their control.	Allied Land Claim -Guvan	message_generic_news.png	vik_event_subject_arrives	true	Ybor
false	shield_ally_region_vik_reg_gyruum	Our ally has a rightful claim to the region of Gyruum, which through the chaos of war we have come to hold. They request that we return this land to their control.	Allied Land Claim -Gyruum	message_generic_news.png	vik_event_subject_arrives	true	Ybor
false	shield_ally_region_vik_reg_haestingas	Our ally has a rightful claim to the region of Haestingas, which through the chaos of war we have come to hold. They request that we return this land to their control.	Allied Land Claim -Haestingas	message_generic_news.png	vik_event_subject_arrives	true	Ybor
false	shield_ally_region_vik_reg_hagustaldes	Our ally has a rightful claim to the region of Hagustaldes, which through the chaos of war we have come to hold. They request that we return this land to their control.	Allied Land Claim -Hagustaldes	message_generic_news.png	vik_event_subject_arrives	true	Ybor
false	shield_ally_region_vik_reg_haverfordia	Our ally has a rightful claim to the region of Haverfordia, which through the chaos of war we have come to hold. They request that we return this land to their control.	Allied Land Claim -Haverfordia	message_generic_news.png	vik_event_subject_arrives	true	Ybor
false	shield_ally_region_vik_reg_hereford	Our ally has a rightful claim to the region of Hereford, which through the chaos of war we have come to hold. They request that we return this land to their control.	Allied Land Claim -Hereford	message_generic_news.png	vik_event_subject_arrives	true	Ybor
false	shield_ally_region_vik_reg_herutford	Our ally has a rightful claim to the region of Herutford, which through the chaos of war we have come to hold. They request that we return this land to their control.	Allied Land Claim -Herutford	message_generic_news.png	vik_event_subject_arrives	true	Ybor
false	shield_ally_region_vik_reg_heslerton	Our ally has a rightful claim to the region of Heslerton, which through the chaos of war we have come to hold. They request that we return this land to their control.	Allied Land Claim -Heslerton	message_generic_news.png	vik_event_subject_arrives	true	Ybor
false	shield_ally_region_vik_reg_hlymrekr	Our ally has a rightful claim to the region of Hlymrekr, which through the chaos of war we have come to hold. They request that we return this land to their control.	Allied Land Claim -Hlymrekr	message_generic_news.png	vik_event_subject_arrives	true	Ybor
false	shield_ally_region_vik_reg_hripum	Our ally has a rightful claim to the region of Hripum, which through the chaos of war we have come to hold. They request that we return this land to their control.	Allied Land Claim -Hripum	message_generic_news.png	vik_event_subject_arrives	true	Ybor
false	shield_ally_region_vik_reg_huntandun	Our ally has a rightful claim to the region of Huntandun, which through the chaos of war we have come to hold. They request that we return this land to their control.	Allied Land Claim -Huntandun	message_generic_news.png	vik_event_subject_arrives	true	Ybor
false	shield_ally_region_vik_reg_hwitan_aerne	Our ally has a rightful claim to the region of Hwitan Aerne, which through the chaos of war we have come to hold. They request that we return this land to their control.	Allied Land Claim -Hwitan Aerne	message_generic_news.png	vik_event_subject_arrives	true	Ybor
false	shield_ally_region_vik_reg_imblech_ibair	Our ally has a rightful claim to the region of Imblech Ibair, which through the chaos of war we have come to hold. They request that we return this land to their control.	Allied Land Claim -Imblech Ibair	message_generic_news.png	vik_event_subject_arrives	true	Ybor
false	shield_ally_region_vik_reg_inber_nise	Our ally has a rightful claim to the region of Inber Nise, which through the chaos of war we have come to hold. They request that we return this land to their control.	Allied Land Claim -Inber Nise	message_generic_news.png	vik_event_subject_arrives	true	Ybor
false	shield_ally_region_vik_reg_inis_cathaigh	Our ally has a rightful claim to the region of Inis Cathaigh, which through the chaos of war we have come to hold. They request that we return this land to their control.	Allied Land Claim -Inis Cathaigh	message_generic_news.png	vik_event_subject_arrives	true	Ybor
false	shield_ally_region_vik_reg_inis_faithlenn	Our ally has a rightful claim to the region of Inis Faithlenn, which through the chaos of war we have come to hold. They request that we return this land to their control.	Allied Land Claim -Inis Faithlenn	message_generic_news.png	vik_event_subject_arrives	true	Ybor
false	shield_ally_region_vik_reg_inis_patraic	Our ally has a rightful claim to the region of Inis Pátraic, which through the chaos of war we have come to hold. They request that we return this land to their control.	Allied Land Claim -Inis Pátraic	message_generic_news.png	vik_event_subject_arrives	true	Ybor
false	shield_ally_region_vik_reg_ioua	Our ally has a rightful claim to the region of Ioua, which through the chaos of war we have come to hold. They request that we return this land to their control.	Allied Land Claim -Ioua	message_generic_news.png	vik_event_subject_arrives	true	Ybor
false	shield_ally_region_vik_reg_laewe	Our ally has a rightful claim to the region of Laewe, which through the chaos of war we have come to hold. They request that we return this land to their control.	Allied Land Claim -Laewe	message_generic_news.png	vik_event_subject_arrives	true	Ybor
false	shield_ally_region_vik_reg_lann_afan	Our ally has a rightful claim to the region of Lann Afan, which through the chaos of war we have come to hold. They request that we return this land to their control.	Allied Land Claim -Lann Afan	message_generic_news.png	vik_event_subject_arrives	true	Ybor
false	shield_ally_region_vik_reg_lann_cors	Our ally has a rightful claim to the region of Lann Cors, which through the chaos of war we have come to hold. They request that we return this land to their control.	Allied Land Claim -Lann Cors	message_generic_news.png	vik_event_subject_arrives	true	Ybor
false	shield_ally_region_vik_reg_lann_dewi	Our ally has a rightful claim to the region of Lann Dewi, which through the chaos of war we have come to hold. They request that we return this land to their control.	Allied Land Claim -Lann Dewi	message_generic_news.png	vik_event_subject_arrives	true	Ybor
false	shield_ally_region_vik_reg_lann_idloes	Our ally has a rightful claim to the region of Lann Idloes, which through the chaos of war we have come to hold. They request that we return this land to their control.	Allied Land Claim -Lann Idloes	message_generic_news.png	vik_event_subject_arrives	true	Ybor
false	shield_ally_region_vik_reg_lann_ildut	Our ally has a rightful claim to the region of Lann Ildut, which through the chaos of war we have come to hold. They request that we return this land to their control.	Allied Land Claim -Lann Ildut	message_generic_news.png	vik_event_subject_arrives	true	Ybor
false	shield_ally_region_vik_reg_lann_padarn	Our ally has a rightful claim to the region of Lann Padarn, which through the chaos of war we have come to hold. They request that we return this land to their control.	Allied Land Claim -Lann Padarn	message_generic_news.png	vik_event_subject_arrives	true	Ybor
false	shield_ally_region_vik_reg_latharn	Our ally has a rightful claim to the region of Latharn, which through the chaos of war we have come to hold. They request that we return this land to their control.	Allied Land Claim -Latharn	message_generic_news.png	vik_event_subject_arrives	true	Ybor
false	shield_ally_region_vik_reg_latharna	Our ally has a rightful claim to the region of Latharna, which through the chaos of war we have come to hold. They request that we return this land to their control.	Allied Land Claim -Latharna	message_generic_news.png	vik_event_subject_arrives	true	Ybor
false	shield_ally_region_vik_reg_licetfelda	Our ally has a rightful claim to the region of Licetfelda, which through the chaos of war we have come to hold. They request that we return this land to their control.	Allied Land Claim -Licetfelda	message_generic_news.png	vik_event_subject_arrives	true	Ybor
false	shield_ally_region_vik_reg_ligeraceaster	Our ally has a rightful claim to the region of Ligeraceaster, which through the chaos of war we have come to hold. They request that we return this land to their control.	Allied Land Claim -Ligeraceaster	message_generic_news.png	vik_event_subject_arrives	true	Ybor
false	shield_ally_region_vik_reg_lindcylne	Our ally has a rightful claim to the region of Lindcylne, which through the chaos of war we have come to hold. They request that we return this land to their control.	Allied Land Claim -Lindcylne	message_generic_news.png	vik_event_subject_arrives	true	Ybor
false	shield_ally_region_vik_reg_linns	Our ally has a rightful claim to the region of Linns, which through the chaos of war we have come to hold. They request that we return this land to their control.	Allied Land Claim -Linns	message_generic_news.png	vik_event_subject_arrives	true	Ybor
false	shield_ally_region_vik_reg_lis_mor	Our ally has a rightful claim to the region of Lis Mór, which through the chaos of war we have come to hold. They request that we return this land to their control.	Allied Land Claim -Lis Mór	message_generic_news.png	vik_event_subject_arrives	true	Ybor
false	shield_ally_region_vik_reg_liwtune	Our ally has a rightful claim to the region of Liwtune, which through the chaos of war we have come to hold. They request that we return this land to their control.	Allied Land Claim -Liwtune	message_generic_news.png	vik_event_subject_arrives	true	Ybor
false	shield_ally_region_vik_reg_loch_gabhair	Our ally has a rightful claim to the region of Loch Gabhair, which through the chaos of war we have come to hold. They request that we return this land to their control.	Allied Land Claim -Loch Gabhair	message_generic_news.png	vik_event_subject_arrives	true	Ybor
false	shield_ally_region_vik_reg_loch_raich	Our ally has a rightful claim to the region of Loch Raich, which through the chaos of war we have come to hold. They request that we return this land to their control.	Allied Land Claim -Loch Raich	message_generic_news.png	vik_event_subject_arrives	true	Ybor
false	shield_ally_region_vik_reg_loidis	Our ally has a rightful claim to the region of Loidis, which through the chaos of war we have come to hold. They request that we return this land to their control.	Allied Land Claim -Loidis	message_generic_news.png	vik_event_subject_arrives	true	Ybor
false	shield_ally_region_vik_reg_lonceaster	Our ally has a rightful claim to the region of Lonceaster, which through the chaos of war we have come to hold. They request that we return this land to their control.	Allied Land Claim -Lonceaster	message_generic_news.png	vik_event_subject_arrives	true	Ybor
false	shield_ally_region_vik_reg_lude	Our ally has a rightful claim to the region of Lude, which through the chaos of war we have come to hold. They request that we return this land to their control.	Allied Land Claim -Lude	message_generic_news.png	vik_event_subject_arrives	true	Ybor
false	shield_ally_region_vik_reg_lunden	Our ally has a rightful claim to the region of Lunden, which through the chaos of war we have come to hold. They request that we return this land to their control.	Allied Land Claim -Lunden	message_generic_news.png	vik_event_subject_arrives	true	Ybor
false	shield_ally_region_vik_reg_maeldune	Our ally has a rightful claim to the region of Maeldune, which through the chaos of war we have come to hold. They request that we return this land to their control.	Allied Land Claim -Maeldune	message_generic_news.png	vik_event_subject_arrives	true	Ybor
false	shield_ally_region_vik_reg_mailros	Our ally has a rightful claim to the region of Mailros, which through the chaos of war we have come to hold. They request that we return this land to their control.	Allied Land Claim -Mailros	message_generic_news.png	vik_event_subject_arrives	true	Ybor
false	shield_ally_region_vik_reg_mameceaster	Our ally has a rightful claim to the region of Mameceaster, which through the chaos of war we have come to hold. They request that we return this land to their control.	Allied Land Claim -Mameceaster	message_generic_news.png	vik_event_subject_arrives	true	Ybor
false	shield_ally_region_vik_reg_mathrafal	Our ally has a rightful claim to the region of Mathrafal, which through the chaos of war we have come to hold. They request that we return this land to their control.	Allied Land Claim -Mathrafal	message_generic_news.png	vik_event_subject_arrives	true	Ybor
false	shield_ally_region_vik_reg_menevia	Our ally has a rightful claim to the region of Menevia, which through the chaos of war we have come to hold. They request that we return this land to their control.	Allied Land Claim -Menevia	message_generic_news.png	vik_event_subject_arrives	true	Ybor
false	shield_ally_region_vik_reg_middeherst	Our ally has a rightful claim to the region of Middeherst, which through the chaos of war we have come to hold. They request that we return this land to their control.	Allied Land Claim -Middeherst	message_generic_news.png	vik_event_subject_arrives	true	Ybor
false	shield_ally_region_vik_reg_moige_bile	Our ally has a rightful claim to the region of Moige Bile, which through the chaos of war we have come to hold. They request that we return this land to their control.	Allied Land Claim -Moige Bile	message_generic_news.png	vik_event_subject_arrives	true	Ybor
false	shield_ally_region_vik_reg_na_seciri	Our ally has a rightful claim to the region of Na Sceiri, which through the chaos of war we have come to hold. They request that we return this land to their control.	Allied Land Claim -Na Sceiri	message_generic_news.png	vik_event_subject_arrives	true	Ybor
false	shield_ally_region_vik_reg_nas	Our ally has a rightful claim to the region of Nás, which through the chaos of war we have come to hold. They request that we return this land to their control.	Allied Land Claim -Nás	message_generic_news.png	vik_event_subject_arrives	true	Ybor
false	shield_ally_region_vik_reg_nedd	Our ally has a rightful claim to the region of Nedd, which through the chaos of war we have come to hold. They request that we return this land to their control.	Allied Land Claim -Nedd	message_generic_news.png	vik_event_subject_arrives	true	Ybor
false	shield_ally_region_vik_reg_northhamtun	Our ally has a rightful claim to the region of Northhamtun, which through the chaos of war we have come to hold. They request that we return this land to their control.	Allied Land Claim -Northhamtun	message_generic_news.png	vik_event_subject_arrives	true	Ybor
false	shield_ally_region_vik_reg_northwic	Our ally has a rightful claim to the region of Northwic, which through the chaos of war we have come to hold. They request that we return this land to their control.	Allied Land Claim -Northwic	message_generic_news.png	vik_event_subject_arrives	true	Ybor
false	shield_ally_region_vik_reg_oswaldestroe	Our ally has a rightful claim to the region of Oswaldestroe, which through the chaos of war we have come to hold. They request that we return this land to their control.	Allied Land Claim -Oswaldestroe	message_generic_news.png	vik_event_subject_arrives	true	Ybor
false	shield_ally_region_vik_reg_otergimele	Our ally has a rightful claim to the region of Otergimele, which through the chaos of war we have come to hold. They request that we return this land to their control.	Allied Land Claim -Otergimele	message_generic_news.png	vik_event_subject_arrives	true	Ybor
false	shield_ally_region_vik_reg_oxnaforda	Our ally has a rightful claim to the region of Oxnaforda, which through the chaos of war we have come to hold. They request that we return this land to their control.	Allied Land Claim -Oxnaforda	message_generic_news.png	vik_event_subject_arrives	true	Ybor
false	shield_ally_region_vik_reg_pefenesea	Our ally has a rightful claim to the region of Pefenesea, which through the chaos of war we have come to hold. They request that we return this land to their control.	Allied Land Claim -Pefenesea	message_generic_news.png	vik_event_subject_arrives	true	Ybor
false	shield_ally_region_vik_reg_poclintun	Our ally has a rightful claim to the region of Poclintun, which through the chaos of war we have come to hold. They request that we return this land to their control.	Allied Land Claim -Poclintun	message_generic_news.png	vik_event_subject_arrives	true	Ybor
false	shield_ally_region_vik_reg_porteceaster	Our ally has a rightful claim to the region of Porteceaster, which through the chaos of war we have come to hold. They request that we return this land to their control.	Allied Land Claim -Porteceaster	message_generic_news.png	vik_event_subject_arrives	true	Ybor
false	shield_ally_region_vik_reg_rath_cruachan	Our ally has a rightful claim to the region of Ráth Cruachan, which through the chaos of war we have come to hold. They request that we return this land to their control.	Allied Land Claim -Ráth Cruachan	message_generic_news.png	vik_event_subject_arrives	true	Ybor
false	shield_ally_region_vik_reg_rath_luraig	Our ally has a rightful claim to the region of Ráth Luraig, which through the chaos of war we have come to hold. They request that we return this land to their control.	Allied Land Claim -Ráth Luraig	message_generic_news.png	vik_event_subject_arrives	true	Ybor
false	shield_ally_region_vik_reg_rendlesham	Our ally has a rightful claim to the region of Rendlaesham, which through the chaos of war we have come to hold. They request that we return this land to their control.	Allied Land Claim -Rendlaesham	message_generic_news.png	vik_event_subject_arrives	true	Ybor
false	shield_ally_region_vik_reg_rinnin	Our ally has a rightful claim to the region of Rinnin, which through the chaos of war we have come to hold. They request that we return this land to their control.	Allied Land Claim -Rinnin	message_generic_news.png	vik_event_subject_arrives	true	Ybor
false	shield_ally_region_vik_reg_rocheberie	Our ally has a rightful claim to the region of Rocheberie, which through the chaos of war we have come to hold. They request that we return this land to their control.	Allied Land Claim -Rocheberie	message_generic_news.png	vik_event_subject_arrives	true	Ybor
false	shield_ally_region_vik_reg_rofeceaster	Our ally has a rightful claim to the region of Rofeceaster, which through the chaos of war we have come to hold. They request that we return this land to their control.	Allied Land Claim -Rofeceaster	message_generic_news.png	vik_event_subject_arrives	true	Ybor
false	shield_ally_region_vik_reg_ros	Our ally has a rightful claim to the region of Ros, which through the chaos of war we have come to hold. They request that we return this land to their control.	Allied Land Claim -Ros	message_generic_news.png	vik_event_subject_arrives	true	Ybor
false	shield_ally_region_vik_reg_ros_ailithir	Our ally has a rightful claim to the region of Ros Ailithir, which through the chaos of war we have come to hold. They request that we return this land to their control.	Allied Land Claim -Ros Ailithir	message_generic_news.png	vik_event_subject_arrives	true	Ybor
false	shield_ally_region_vik_reg_ros_cuissine	Our ally has a rightful claim to the region of Ros Cuissine, which through the chaos of war we have come to hold. They request that we return this land to their control.	Allied Land Claim -Ros Cuissine	message_generic_news.png	vik_event_subject_arrives	true	Ybor
false	shield_ally_region_vik_reg_ros_maircind	Our ally has a rightful claim to the region of Ros Maircind, which through the chaos of war we have come to hold. They request that we return this land to their control.	Allied Land Claim -Ros Maircind	message_generic_news.png	vik_event_subject_arrives	true	Ybor
false	shield_ally_region_vik_reg_rucestr	Our ally has a rightful claim to the region of Rucestr, which through the chaos of war we have come to hold. They request that we return this land to their control.	Allied Land Claim -Rucestr	message_generic_news.png	vik_event_subject_arrives	true	Ybor
false	shield_ally_region_vik_reg_rudglann	Our ally has a rightful claim to the region of Rudglann, which through the chaos of war we have come to hold. They request that we return this land to their control.	Allied Land Claim -Rudglann	message_generic_news.png	vik_event_subject_arrives	true	Ybor
false	shield_ally_region_vik_reg_saigher	Our ally has a rightful claim to the region of Saigher, which through the chaos of war we have come to hold. They request that we return this land to their control.	Allied Land Claim -Saigher	message_generic_news.png	vik_event_subject_arrives	true	Ybor
false	shield_ally_region_vik_reg_sancte_albanes	Our ally has a rightful claim to the region of Sancte Albanes, which through the chaos of war we have come to hold. They request that we return this land to their control.	Allied Land Claim -Sancte Albanes	message_generic_news.png	vik_event_subject_arrives	true	Ybor
false	shield_ally_region_vik_reg_sancte_eadmundes	Our ally has a rightful claim to the region of Sancte Eadmundes, which through the chaos of war we have come to hold. They request that we return this land to their control.	Allied Land Claim -Sancte Eadmundes	message_generic_news.png	vik_event_subject_arrives	true	Ybor
false	shield_ally_region_vik_reg_sancte_germanes	Our ally has a rightful claim to the region of Sancte Germanes, which through the chaos of war we have come to hold. They request that we return this land to their control.	Allied Land Claim -Sancte Germanes	message_generic_news.png	vik_event_subject_arrives	true	Ybor
false	shield_ally_region_vik_reg_sancte_ye	Our ally has a rightful claim to the region of Sancte Ye, which through the chaos of war we have come to hold. They request that we return this land to their control.	Allied Land Claim -Sancte Ye	message_generic_news.png	vik_event_subject_arrives	true	Ybor
false	shield_ally_region_vik_reg_sceaftesburg	Our ally has a rightful claim to the region of Sceaftesburg, which through the chaos of war we have come to hold. They request that we return this land to their control.	Allied Land Claim -Sceaftesburg	message_generic_news.png	vik_event_subject_arrives	true	Ybor
false	shield_ally_region_vik_reg_scireburnan	Our ally has a rightful claim to the region of Scireburnan, which through the chaos of war we have come to hold. They request that we return this land to their control.	Allied Land Claim -Scireburnan	message_generic_news.png	vik_event_subject_arrives	true	Ybor
false	shield_ally_region_vik_reg_scoan	Our ally has a rightful claim to the region of Scoan, which through the chaos of war we have come to hold. They request that we return this land to their control.	Allied Land Claim -Scoan	message_generic_news.png	vik_event_subject_arrives	true	Ybor
false	shield_ally_region_vik_reg_sconnin	Our ally has a rightful claim to the region of Sconnin, which through the chaos of war we have come to hold. They request that we return this land to their control.	Allied Land Claim -Sconnin	message_generic_news.png	vik_event_subject_arrives	true	Ybor
false	shield_ally_region_vik_reg_scrobbesburg	Our ally has a rightful claim to the region of Scrobbesburg, which through the chaos of war we have come to hold. They request that we return this land to their control.	Allied Land Claim -Scrobbesburg	message_generic_news.png	vik_event_subject_arrives	true	Ybor
false	shield_ally_region_vik_reg_seolesigge	Our ally has a rightful claim to the region of Seolesigge, which through the chaos of war we have come to hold. They request that we return this land to their control.	Allied Land Claim -Seolesigge	message_generic_news.png	vik_event_subject_arrives	true	Ybor
false	shield_ally_region_vik_reg_snotingaham	Our ally has a rightful claim to the region of Snotingaham, which through the chaos of war we have come to hold. They request that we return this land to their control.	Allied Land Claim -Snotingaham	message_generic_news.png	vik_event_subject_arrives	true	Ybor
false	shield_ally_region_vik_reg_sreth_belin	Our ally has a rightful claim to the region of Sreth Belin, which through the chaos of war we have come to hold. They request that we return this land to their control.	Allied Land Claim -Sreth Belin	message_generic_news.png	vik_event_subject_arrives	true	Ybor
false	shield_ally_region_vik_reg_staefford	Our ally has a rightful claim to the region of Staefford, which through the chaos of war we have come to hold. They request that we return this land to their control.	Allied Land Claim -Staefford	message_generic_news.png	vik_event_subject_arrives	true	Ybor
false	shield_ally_region_vik_reg_staeningum	Our ally has a rightful claim to the region of Staeningum, which through the chaos of war we have come to hold. They request that we return this land to their control.	Allied Land Claim -Staeningum	message_generic_news.png	vik_event_subject_arrives	true	Ybor
false	shield_ally_region_vik_reg_steanford	Our ally has a rightful claim to the region of Steanford, which through the chaos of war we have come to hold. They request that we return this land to their control.	Allied Land Claim -Steanford	message_generic_news.png	vik_event_subject_arrives	true	Ybor
false	shield_ally_region_vik_reg_stoc	Our ally has a rightful claim to the region of Stoc, which through the chaos of war we have come to hold. They request that we return this land to their control.	Allied Land Claim -Stoc	message_generic_news.png	vik_event_subject_arrives	true	Ybor
false	shield_ally_region_vik_reg_stornochway	Our ally has a rightful claim to the region of Stornochway, which through the chaos of war we have come to hold. They request that we return this land to their control.	Allied Land Claim -Stornochway	message_generic_news.png	vik_event_subject_arrives	true	Ybor
false	shield_ally_region_vik_reg_stutfall	Our ally has a rightful claim to the region of Stutfall, which through the chaos of war we have come to hold. They request that we return this land to their control.	Allied Land Claim -Stutfall	message_generic_news.png	vik_event_subject_arrives	true	Ybor
false	shield_ally_region_vik_reg_suthhamtun	Our ally has a rightful claim to the region of Suthhamtun, which through the chaos of war we have come to hold. They request that we return this land to their control.	Allied Land Claim -Suthhamtun	message_generic_news.png	vik_event_subject_arrives	true	Ybor
false	shield_ally_region_vik_reg_tamworthige	Our ally has a rightful claim to the region of Tamworthige, which through the chaos of war we have come to hold. They request that we return this land to their control.	Allied Land Claim -Tamworthige	message_generic_news.png	vik_event_subject_arrives	true	Ybor
false	shield_ally_region_vik_reg_tanet	Our ally has a rightful claim to the region of Tanet, which through the chaos of war we have come to hold. They request that we return this land to their control.	Allied Land Claim -Tanet	message_generic_news.png	vik_event_subject_arrives	true	Ybor
false	shield_ally_region_vik_reg_terra_incognita	Our ally has a rightful claim to the region of Terra Incognita, which through the chaos of war we have come to hold. They request that we return this land to their control.	Allied Land Claim -Terra Incognita	message_generic_news.png	vik_event_subject_arrives	true	Ybor
false	shield_ally_region_vik_reg_theodford	Our ally has a rightful claim to the region of Theodford, which through the chaos of war we have come to hold. They request that we return this land to their control.	Allied Land Claim -Theodford	message_generic_news.png	vik_event_subject_arrives	true	Ybor
false	shield_ally_region_vik_reg_thursa	Our ally has a rightful claim to the region of Thursa, which through the chaos of war we have come to hold. They request that we return this land to their control.	Allied Land Claim -Thursa	message_generic_news.png	vik_event_subject_arrives	true	Ybor
false	shield_ally_region_vik_reg_tilaburg	Our ally has a rightful claim to the region of Tilaburg, which through the chaos of war we have come to hold. They request that we return this land to their control.	Allied Land Claim -Tilaburg	message_generic_news.png	vik_event_subject_arrives	true	Ybor
false	shield_ally_region_vik_reg_tintagol	Our ally has a rightful claim to the region of Tintagol, which through the chaos of war we have come to hold. They request that we return this land to their control.	Allied Land Claim -Tintagol	message_generic_news.png	vik_event_subject_arrives	true	Ybor
false	shield_ally_region_vik_reg_tor_in_duine	Our ally has a rightful claim to the region of Tor in Dúine, which through the chaos of war we have come to hold. They request that we return this land to their control.	Allied Land Claim -Tor in Dúine	message_generic_news.png	vik_event_subject_arrives	true	Ybor
false	shield_ally_region_vik_reg_torfness	Our ally has a rightful claim to the region of Torfness, which through the chaos of war we have come to hold. They request that we return this land to their control.	Allied Land Claim -Torfness	message_generic_news.png	vik_event_subject_arrives	true	Ybor
false	shield_ally_region_vik_reg_totanes	Our ally has a rightful claim to the region of Totanaes, which through the chaos of war we have come to hold. They request that we return this land to their control.	Allied Land Claim -Totanaes	message_generic_news.png	vik_event_subject_arrives	true	Ybor
false	shield_ally_region_vik_reg_tuaim	Our ally has a rightful claim to the region of Tuaim, which through the chaos of war we have come to hold. They request that we return this land to their control.	Allied Land Claim -Tuaim	message_generic_news.png	vik_event_subject_arrives	true	Ybor
false	shield_ally_region_vik_reg_tuam_greine	Our ally has a rightful claim to the region of Tuam Gréine, which through the chaos of war we have come to hold. They request that we return this land to their control.	Allied Land Claim -Tuam Gréine	message_generic_news.png	vik_event_subject_arrives	true	Ybor
false	shield_ally_region_vik_reg_tureceseig	Our ally has a rightful claim to the region of Tureceseig, which through the chaos of war we have come to hold. They request that we return this land to their control.	Allied Land Claim -Tureceseig	message_generic_news.png	vik_event_subject_arrives	true	Ybor
false	shield_ally_region_vik_reg_vedrafjordr	Our ally has a rightful claim to the region of Vedrafjordr, which through the chaos of war we have come to hold. They request that we return this land to their control.	Allied Land Claim -Vedrafjordr	message_generic_news.png	vik_event_subject_arrives	true	Ybor
false	shield_ally_region_vik_reg_veisafjordr	Our ally has a rightful claim to the region of Veisafjordr, which through the chaos of war we have come to hold. They request that we return this land to their control.	Allied Land Claim -Veisafjordr	message_generic_news.png	vik_event_subject_arrives	true	Ybor
false	shield_ally_region_vik_reg_waecet	Our ally has a rightful claim to the region of Waecet, which through the chaos of war we have come to hold. They request that we return this land to their control.	Allied Land Claim -Waecet	message_generic_news.png	vik_event_subject_arrives	true	Ybor
false	shield_ally_region_vik_reg_waerincwicum	Our ally has a rightful claim to the region of Waerincwicum, which through the chaos of war we have come to hold. They request that we return this land to their control.	Allied Land Claim -Waerincwicum	message_generic_news.png	vik_event_subject_arrives	true	Ybor
false	shield_ally_region_vik_reg_werham	Our ally has a rightful claim to the region of Werham, which through the chaos of war we have come to hold. They request that we return this land to their control.	Allied Land Claim -Werham	message_generic_news.png	vik_event_subject_arrives	true	Ybor
false	shield_ally_region_vik_reg_wigingamere	Our ally has a rightful claim to the region of Wigingamere, which through the chaos of war we have come to hold. They request that we return this land to their control.	Allied Land Claim -Wigingamere	message_generic_news.png	vik_event_subject_arrives	true	Ybor
false	shield_ally_region_vik_reg_wigracestre	Our ally has a rightful claim to the region of Wigraceaster, which through the chaos of war we have come to hold. They request that we return this land to their control.	Allied Land Claim -Wigraceaster	message_generic_news.png	vik_event_subject_arrives	true	Ybor
false	shield_ally_region_vik_reg_wiht	Our ally has a rightful claim to the region of Wiht, which through the chaos of war we have come to hold. They request that we return this land to their control.	Allied Land Claim -Wiht	message_generic_news.png	vik_event_subject_arrives	true	Ybor
false	shield_ally_region_vik_reg_wiltun	Our ally has a rightful claim to the region of Wiltun, which through the chaos of war we have come to hold. They request that we return this land to their control.	Allied Land Claim -Wiltun	message_generic_news.png	vik_event_subject_arrives	true	Ybor
false	shield_ally_region_vik_reg_wintanceaster	Our ally has a rightful claim to the region of Wintanceaster, which through the chaos of war we have come to hold. They request that we return this land to their control.	Allied Land Claim -Wintanceaster	message_generic_news.png	vik_event_subject_arrives	true	Ybor
false	shield_ally_region_vik_reg_wyrcesuuyrthe	Our ally has a rightful claim to the region of Wyrcesuuyrthe, which through the chaos of war we have come to hold. They request that we return this land to their control.	Allied Land Claim -Wyrcesuuyrthe	message_generic_news.png	vik_event_subject_arrives	true	Ybor
false	shield_region_key	Our ally has a rightful claim to the region of RegionLocalisation, which through the chaos of war we have come to hold. They request that we return this land to their control.	Allied Land Claim - RegionLocalisation	message_generic_news.png	vik_event_subject_arrives	true	Ybor
