slot_template_to_building_superchain_junctions_tables	0
building_superchain	id	slot_template
vik_hunting	1	vik_reg_lonceaster_primary
vik_great_hall	2	vik_reg_mameceaster_primary
vik_arena	3	vik_reg_mameceaster_secondary
vik_artisans	4	vik_reg_mameceaster_secondary
vik_church	7	vik_reg_mameceaster_secondary
vik_craft_merchant	8	vik_reg_mameceaster_secondary
vik_forge	9	vik_reg_mameceaster_secondary
vik_wood	10	vik_reg_mameceaster_secondary
vik_workshop	11	vik_reg_mameceaster_secondary
vik_warehouse	12	vik_reg_mameceaster_secondary
vik_textiles	13	vik_reg_mameceaster_secondary
vik_thing	14	vik_reg_mameceaster_secondary
vik_thrall	15	vik_reg_mameceaster_secondary
vik_moot_hill	16	vik_reg_mameceaster_secondary
vik_mint	17	vik_reg_mameceaster_secondary
vik_merchant	18	vik_reg_mameceaster_secondary
vik_market_fair	20	vik_reg_mameceaster_secondary
vik_court	21	vik_reg_mameceaster_secondary
vik_estate	22	vik_reg_mameceaster_secondary
vik_high_cross	23	vik_reg_mameceaster_secondary
vik_tools	24	vik_reg_mameceaster_secondary
vik_farm	25	vik_reg_otergimele_primary
vik_fishing	26	vik_reg_otergimele_port
vik_farm	27	vik_reg_ard_sratha_primary
vik_cloth	28	vik_reg_dun_na_ngall_primary
vik_fishing	29	vik_reg_dun_na_ngall_port
vik_grianan_ailech	30	vik_reg_grianan_aileach_primary
vik_round_tower	31	vik_reg_grianan_aileach_secondary
vik_church_crafts	32	vik_reg_grianan_aileach_secondary
vik_bullaun	33	vik_reg_grianan_aileach_secondary
vik_wax	34	vik_reg_grianan_aileach_secondary
vik_scribes	35	vik_reg_grianan_aileach_secondary
vik_lead	36	vik_reg_grianan_aileach_secondary
vik_library	37	vik_reg_grianan_aileach_secondary
vik_cloth	38	vik_reg_rath_luraig_primary
vik_pottery	39	vik_reg_dun_aberte_primary
vik_fishing	40	vik_reg_dun_aberte_port
vik_great_hall	41	vik_reg_dun_att_primary
vik_arena	42	vik_reg_dun_att_secondary
vik_artisans	43	vik_reg_dun_att_secondary
vik_church	46	vik_reg_dun_att_secondary
vik_craft_merchant	47	vik_reg_dun_att_secondary
vik_forge	48	vik_reg_dun_att_secondary
vik_wood	49	vik_reg_dun_att_secondary
vik_workshop	50	vik_reg_dun_att_secondary
vik_warehouse	51	vik_reg_dun_att_secondary
vik_textiles	52	vik_reg_dun_att_secondary
vik_thing	53	vik_reg_dun_att_secondary
vik_thrall	54	vik_reg_dun_att_secondary
vik_moot_hill	55	vik_reg_dun_att_secondary
vik_mint	56	vik_reg_dun_att_secondary
vik_merchant	57	vik_reg_dun_att_secondary
vik_market_fair	59	vik_reg_dun_att_secondary
vik_court	60	vik_reg_dun_att_secondary
vik_estate	61	vik_reg_dun_att_secondary
vik_high_cross	62	vik_reg_dun_att_secondary
vik_tools	63	vik_reg_dun_att_secondary
vik_hunting	64	vik_reg_dun_ollaig_primary
vik_st_patraic	65	vik_reg_ard_macha_primary
vik_round_tower	66	vik_reg_ard_macha_secondary
vik_church_crafts	67	vik_reg_ard_macha_secondary
vik_bullaun	68	vik_reg_ard_macha_secondary
vik_wax	69	vik_reg_ard_macha_secondary
vik_scribes	70	vik_reg_ard_macha_secondary
vik_lead	71	vik_reg_ard_macha_secondary
vik_library	72	vik_reg_ard_macha_secondary
vik_pasture	73	vik_reg_clocher_primary
vik_martyrs_mint	74	vik_reg_clocher_secondary
vik_garrison	75	vik_reg_clocher_secondary
vik_alehouse	76	vik_reg_clocher_secondary
vik_abbey	77	vik_reg_clocher_secondary
vik_tanner	78	vik_reg_clocher_secondary
vik_granary	79	vik_reg_clocher_secondary
vik_mill	80	vik_reg_clocher_secondary
vik_pottery	81	vik_reg_cluain_eoais_primary
vik_hunting	82	vik_reg_dun_blann_primary
vik_st_columbe	83	vik_reg_dun_cailden_primary
vik_round_tower	84	vik_reg_dun_cailden_secondary
vik_church_crafts	85	vik_reg_dun_cailden_secondary
vik_bullaun	86	vik_reg_dun_cailden_secondary
vik_wax	87	vik_reg_dun_cailden_secondary
vik_scribes	88	vik_reg_dun_cailden_secondary
vik_lead	89	vik_reg_dun_cailden_secondary
vik_library	90	vik_reg_dun_cailden_secondary
vik_silver	91	vik_reg_dun_duirn_primary
vik_martyrs_mint	92	vik_reg_dun_duirn_secondary
vik_garrison	93	vik_reg_dun_duirn_secondary
vik_alehouse	94	vik_reg_dun_duirn_secondary
vik_abbey	95	vik_reg_dun_duirn_secondary
vik_tanner	96	vik_reg_dun_duirn_secondary
vik_granary	97	vik_reg_dun_duirn_secondary
vik_mill	98	vik_reg_dun_duirn_secondary
vik_hunting	99	vik_reg_dun_nechtain_primary
vik_pottery	100	vik_reg_forais_primary
vik_iron	101	vik_reg_inber_nise_primary
vik_great_hall	102	vik_reg_tor_in_duine_primary
vik_port	103	vik_reg_tor_in_duine_port
vik_arena	104	vik_reg_tor_in_duine_secondary
vik_artisans	105	vik_reg_tor_in_duine_secondary
vik_church	108	vik_reg_tor_in_duine_secondary
vik_craft_merchant	109	vik_reg_tor_in_duine_secondary
vik_forge	110	vik_reg_tor_in_duine_secondary
vik_wood	111	vik_reg_tor_in_duine_secondary
vik_workshop	112	vik_reg_tor_in_duine_secondary
vik_warehouse	113	vik_reg_tor_in_duine_secondary
vik_textiles	114	vik_reg_tor_in_duine_secondary
vik_thing	115	vik_reg_tor_in_duine_secondary
vik_thrall	116	vik_reg_tor_in_duine_secondary
vik_moot_hill	117	vik_reg_tor_in_duine_secondary
vik_mint	118	vik_reg_tor_in_duine_secondary
vik_merchant	119	vik_reg_tor_in_duine_secondary
vik_market_fair	121	vik_reg_tor_in_duine_secondary
vik_court	122	vik_reg_tor_in_duine_secondary
vik_estate	123	vik_reg_tor_in_duine_secondary
vik_high_cross	124	vik_reg_tor_in_duine_secondary
vik_tools	125	vik_reg_tor_in_duine_secondary
vik_great_hall	126	vik_reg_bebbanburg_primary
vik_port	127	vik_reg_bebbanburg_port
vik_arena	128	vik_reg_bebbanburg_secondary
vik_artisans	129	vik_reg_bebbanburg_secondary
vik_assembly	130	vik_reg_bebbanburg_secondary
vik_church	132	vik_reg_bebbanburg_secondary
vik_craft_merchant	133	vik_reg_bebbanburg_secondary
vik_forge	134	vik_reg_bebbanburg_secondary
vik_wood	135	vik_reg_bebbanburg_secondary
vik_workshop	136	vik_reg_bebbanburg_secondary
vik_warehouse	137	vik_reg_bebbanburg_secondary
vik_textiles	138	vik_reg_bebbanburg_secondary
vik_thing	139	vik_reg_bebbanburg_secondary
vik_thrall	140	vik_reg_bebbanburg_secondary
vik_moot_hill	141	vik_reg_bebbanburg_secondary
vik_mint	142	vik_reg_bebbanburg_secondary
vik_merchant	143	vik_reg_bebbanburg_secondary
vik_market_fair	145	vik_reg_bebbanburg_secondary
vik_court	146	vik_reg_bebbanburg_secondary
vik_estate	147	vik_reg_bebbanburg_secondary
vik_high_cross	148	vik_reg_bebbanburg_secondary
vik_tools	149	vik_reg_bebbanburg_secondary
vik_hunting	150	vik_reg_coldingaham_primary
vik_pasture	151	vik_reg_mailros_primary
vik_hunting	152	vik_reg_rucestr_primary
vik_farm	153	vik_reg_cnodba_primary
vik_longphort	154	vik_reg_dyflin_primary
vik_port	155	vik_reg_dyflin_port
vik_round_tower	156	vik_reg_dyflin_secondary
vik_church_crafts	157	vik_reg_dyflin_secondary
vik_bullaun	158	vik_reg_dyflin_secondary
vik_wax	159	vik_reg_dyflin_secondary
vik_scribes	160	vik_reg_dyflin_secondary
vik_lead	161	vik_reg_dyflin_secondary
vik_library	162	vik_reg_dyflin_secondary
vik_salt	163	vik_reg_linns_primary
vik_fishing	164	vik_reg_linns_port
vik_iron	165	vik_reg_loch_gabhair_primary
vik_pasture	166	vik_reg_na_seciri_primary
vik_iron	167	vik_reg_cell_mor_primary
vik_great_hall	168	vik_reg_druim_da_ethiar_primary
vik_arena	169	vik_reg_druim_da_ethiar_secondary
vik_artisans	170	vik_reg_druim_da_ethiar_secondary
vik_church	173	vik_reg_druim_da_ethiar_secondary
vik_craft_merchant	174	vik_reg_druim_da_ethiar_secondary
vik_forge	175	vik_reg_druim_da_ethiar_secondary
vik_wood	176	vik_reg_druim_da_ethiar_secondary
vik_workshop	177	vik_reg_druim_da_ethiar_secondary
vik_warehouse	178	vik_reg_druim_da_ethiar_secondary
vik_textiles	179	vik_reg_druim_da_ethiar_secondary
vik_thing	180	vik_reg_druim_da_ethiar_secondary
vik_thrall	181	vik_reg_druim_da_ethiar_secondary
vik_moot_hill	182	vik_reg_druim_da_ethiar_secondary
vik_mint	183	vik_reg_druim_da_ethiar_secondary
vik_merchant	184	vik_reg_druim_da_ethiar_secondary
vik_market_fair	186	vik_reg_druim_da_ethiar_secondary
vik_court	187	vik_reg_druim_da_ethiar_secondary
vik_estate	188	vik_reg_druim_da_ethiar_secondary
vik_high_cross	189	vik_reg_druim_da_ethiar_secondary
vik_tools	190	vik_reg_druim_da_ethiar_secondary
vik_great_hall	191	vik_reg_blascona_primary
vik_herring_port	192	vik_reg_blascona_port
vik_arena	193	vik_reg_blascona_secondary
vik_artisans	194	vik_reg_blascona_secondary
vik_church	197	vik_reg_blascona_secondary
vik_craft_merchant	198	vik_reg_blascona_secondary
vik_forge	199	vik_reg_blascona_secondary
vik_wood	200	vik_reg_blascona_secondary
vik_workshop	201	vik_reg_blascona_secondary
vik_warehouse	202	vik_reg_blascona_secondary
vik_textiles	203	vik_reg_blascona_secondary
vik_thing	204	vik_reg_blascona_secondary
vik_thrall	205	vik_reg_blascona_secondary
vik_moot_hill	206	vik_reg_blascona_secondary
vik_mint	207	vik_reg_blascona_secondary
vik_merchant	208	vik_reg_blascona_secondary
vik_market_fair	210	vik_reg_blascona_secondary
vik_court	211	vik_reg_blascona_secondary
vik_estate	212	vik_reg_blascona_secondary
vik_high_cross	213	vik_reg_blascona_secondary
vik_tools	214	vik_reg_blascona_secondary
vik_silver	215	vik_reg_latharn_primary
vik_silver	216	vik_reg_thursa_primary
vik_fishing	217	vik_reg_thursa_port
vik_great_hall	218	vik_reg_cantwaraburg_primary
vik_arena	219	vik_reg_cantwaraburg_secondary
vik_artisans	220	vik_reg_cantwaraburg_secondary
vik_church	223	vik_reg_cantwaraburg_secondary
vik_craft_merchant	224	vik_reg_cantwaraburg_secondary
vik_forge	225	vik_reg_cantwaraburg_secondary
vik_wood	226	vik_reg_cantwaraburg_secondary
vik_workshop	227	vik_reg_cantwaraburg_secondary
vik_warehouse	228	vik_reg_cantwaraburg_secondary
vik_textiles	229	vik_reg_cantwaraburg_secondary
vik_thing	230	vik_reg_cantwaraburg_secondary
vik_thrall	231	vik_reg_cantwaraburg_secondary
vik_moot_hill	232	vik_reg_cantwaraburg_secondary
vik_mint	233	vik_reg_cantwaraburg_secondary
vik_merchant	234	vik_reg_cantwaraburg_secondary
vik_market_fair	236	vik_reg_cantwaraburg_secondary
vik_court	237	vik_reg_cantwaraburg_secondary
vik_estate	238	vik_reg_cantwaraburg_secondary
vik_high_cross	239	vik_reg_cantwaraburg_secondary
vik_tools	240	vik_reg_cantwaraburg_secondary
vik_farm	241	vik_reg_dofere_primary
vik_trade	242	vik_reg_dofere_port
vik_orchard	243	vik_reg_rofeceaster_primary
vik_fishing	244	vik_reg_rofeceaster_port
vik_iron	245	vik_reg_stutfall_primary
vik_salt	246	vik_reg_tanet_primary
vik_great_hall	247	vik_reg_aberteifi_primary
vik_port	248	vik_reg_aberteifi_port
vik_arena	249	vik_reg_aberteifi_secondary
vik_artisans	250	vik_reg_aberteifi_secondary
vik_church	253	vik_reg_aberteifi_secondary
vik_craft_merchant	254	vik_reg_aberteifi_secondary
vik_forge	255	vik_reg_aberteifi_secondary
vik_wood	256	vik_reg_aberteifi_secondary
vik_workshop	257	vik_reg_aberteifi_secondary
vik_warehouse	258	vik_reg_aberteifi_secondary
vik_textiles	259	vik_reg_aberteifi_secondary
vik_thing	260	vik_reg_aberteifi_secondary
vik_thrall	261	vik_reg_aberteifi_secondary
vik_moot_hill	262	vik_reg_aberteifi_secondary
vik_mint	263	vik_reg_aberteifi_secondary
vik_merchant	264	vik_reg_aberteifi_secondary
vik_market_fair	266	vik_reg_aberteifi_secondary
vik_court	267	vik_reg_aberteifi_secondary
vik_estate	268	vik_reg_aberteifi_secondary
vik_high_cross	269	vik_reg_aberteifi_secondary
vik_tools	270	vik_reg_aberteifi_secondary
vik_gold	271	vik_reg_lann_dewi_primary
vik_silver	272	vik_reg_lann_padarn_primary
vik_hunting	273	vik_reg_brechin_primary
vik_hunting	274	vik_reg_cenn_rigmonid_primary
vik_fishing	275	vik_reg_cenn_rigmonid_port
vik_farm	276	vik_reg_dun_eachainn_primary
vik_great_hall	277	vik_reg_scoan_primary
vik_arena	278	vik_reg_scoan_secondary
vik_artisans	279	vik_reg_scoan_secondary
vik_church	282	vik_reg_scoan_secondary
vik_craft_merchant	283	vik_reg_scoan_secondary
vik_forge	284	vik_reg_scoan_secondary
vik_wood	285	vik_reg_scoan_secondary
vik_workshop	286	vik_reg_scoan_secondary
vik_warehouse	287	vik_reg_scoan_secondary
vik_textiles	288	vik_reg_scoan_secondary
vik_thing	289	vik_reg_scoan_secondary
vik_thrall	290	vik_reg_scoan_secondary
vik_moot_hill	291	vik_reg_scoan_secondary
vik_mint	292	vik_reg_scoan_secondary
vik_merchant	293	vik_reg_scoan_secondary
vik_market_fair	295	vik_reg_scoan_secondary
vik_court	296	vik_reg_scoan_secondary
vik_estate	297	vik_reg_scoan_secondary
vik_high_cross	298	vik_reg_scoan_secondary
vik_tools	299	vik_reg_scoan_secondary
vik_copper	300	vik_reg_sconnin_primary
vik_farm	301	vik_reg_balla_primary
vik_silver	302	vik_reg_cell_alaid_primary
vik_fishing	303	vik_reg_cell_alaid_port
vik_hunting	304	vik_reg_loch_raich_primary
vik_great_hall	305	vik_reg_rath_cruachan_primary
vik_arena	306	vik_reg_rath_cruachan_secondary
vik_artisans	307	vik_reg_rath_cruachan_secondary
vik_church	310	vik_reg_rath_cruachan_secondary
vik_craft_merchant	311	vik_reg_rath_cruachan_secondary
vik_forge	312	vik_reg_rath_cruachan_secondary
vik_wood	313	vik_reg_rath_cruachan_secondary
vik_workshop	314	vik_reg_rath_cruachan_secondary
vik_warehouse	315	vik_reg_rath_cruachan_secondary
vik_textiles	316	vik_reg_rath_cruachan_secondary
vik_thing	317	vik_reg_rath_cruachan_secondary
vik_thrall	318	vik_reg_rath_cruachan_secondary
vik_moot_hill	319	vik_reg_rath_cruachan_secondary
vik_mint	320	vik_reg_rath_cruachan_secondary
vik_merchant	321	vik_reg_rath_cruachan_secondary
vik_market_fair	323	vik_reg_rath_cruachan_secondary
vik_court	324	vik_reg_rath_cruachan_secondary
vik_estate	325	vik_reg_rath_cruachan_secondary
vik_high_cross	326	vik_reg_rath_cruachan_secondary
vik_tools	327	vik_reg_rath_cruachan_secondary
vik_salt	328	vik_reg_tuaim_primary
vik_cloth	329	vik_reg_cluain_primary
vik_longphort	330	vik_reg_corcach_primary
vik_port	331	vik_reg_corcach_port
vik_round_tower	332	vik_reg_corcach_secondary
vik_church_crafts	333	vik_reg_corcach_secondary
vik_bullaun	334	vik_reg_corcach_secondary
vik_wax	335	vik_reg_corcach_secondary
vik_scribes	336	vik_reg_corcach_secondary
vik_lead	337	vik_reg_corcach_secondary
vik_library	338	vik_reg_corcach_secondary
vik_market	339	vik_reg_carleol_primary
vik_arena	340	vik_reg_carleol_secondary
vik_artisans	341	vik_reg_carleol_secondary
vik_church	344	vik_reg_carleol_secondary
vik_craft_merchant	345	vik_reg_carleol_secondary
vik_forge	346	vik_reg_carleol_secondary
vik_wood	347	vik_reg_carleol_secondary
vik_workshop	348	vik_reg_carleol_secondary
vik_warehouse	349	vik_reg_carleol_secondary
vik_textiles	350	vik_reg_carleol_secondary
vik_thing	351	vik_reg_carleol_secondary
vik_thrall	352	vik_reg_carleol_secondary
vik_moot_hill	353	vik_reg_carleol_secondary
vik_mint	354	vik_reg_carleol_secondary
vik_merchant	355	vik_reg_carleol_secondary
vik_market_fair	357	vik_reg_carleol_secondary
vik_court	358	vik_reg_carleol_secondary
vik_estate	359	vik_reg_carleol_secondary
vik_high_cross	360	vik_reg_carleol_secondary
vik_tools	361	vik_reg_carleol_secondary
vik_pasture	362	vik_reg_cherchebi_primary
vik_silver	363	vik_reg_dacor_primary
vik_hunting	364	vik_reg_din_prys_primary
vik_fishing	365	vik_reg_din_prys_port
vik_st_ringan	366	vik_reg_hwitan_aerne_primary
vik_hunting	367	vik_reg_cairlinn_primary
vik_fishing	368	vik_reg_cairlinn_port
vik_monastery	369	vik_reg_dun_patraic_primary
vik_port	370	vik_reg_dun_patraic_port
vik_round_tower	371	vik_reg_dun_patraic_secondary
vik_church_crafts	372	vik_reg_dun_patraic_secondary
vik_bullaun	373	vik_reg_dun_patraic_secondary
vik_wax	374	vik_reg_dun_patraic_secondary
vik_scribes	375	vik_reg_dun_patraic_secondary
vik_lead	376	vik_reg_dun_patraic_secondary
vik_library	377	vik_reg_dun_patraic_secondary
vik_gold	378	vik_reg_moige_bile_primary
vik_pottery	379	vik_reg_coinnire_primary
vik_great_hall	380	vik_reg_dun_sebuirgi_primary
vik_port	381	vik_reg_dun_sebuirgi_port
vik_arena	382	vik_reg_dun_sebuirgi_secondary
vik_artisans	383	vik_reg_dun_sebuirgi_secondary
vik_church	386	vik_reg_dun_sebuirgi_secondary
vik_craft_merchant	387	vik_reg_dun_sebuirgi_secondary
vik_forge	388	vik_reg_dun_sebuirgi_secondary
vik_wood	389	vik_reg_dun_sebuirgi_secondary
vik_workshop	390	vik_reg_dun_sebuirgi_secondary
vik_warehouse	391	vik_reg_dun_sebuirgi_secondary
vik_textiles	392	vik_reg_dun_sebuirgi_secondary
vik_thing	393	vik_reg_dun_sebuirgi_secondary
vik_thrall	394	vik_reg_dun_sebuirgi_secondary
vik_moot_hill	395	vik_reg_dun_sebuirgi_secondary
vik_mint	396	vik_reg_dun_sebuirgi_secondary
vik_merchant	397	vik_reg_dun_sebuirgi_secondary
vik_market_fair	399	vik_reg_dun_sebuirgi_secondary
vik_court	400	vik_reg_dun_sebuirgi_secondary
vik_estate	401	vik_reg_dun_sebuirgi_secondary
vik_high_cross	402	vik_reg_dun_sebuirgi_secondary
vik_tools	403	vik_reg_dun_sebuirgi_secondary
vik_pasture	404	vik_reg_latharna_primary
vik_fishing	405	vik_reg_latharna_port
vik_hunting	406	vik_reg_cridiatune_primary
vik_market	407	vik_reg_exanceaster_primary
vik_trade_port	408	vik_reg_exanceaster_port
vik_arena	409	vik_reg_exanceaster_secondary
vik_artisans	410	vik_reg_exanceaster_secondary
vik_church	413	vik_reg_exanceaster_secondary
vik_craft_merchant	414	vik_reg_exanceaster_secondary
vik_forge	415	vik_reg_exanceaster_secondary
vik_wood	416	vik_reg_exanceaster_secondary
vik_workshop	417	vik_reg_exanceaster_secondary
vik_warehouse	418	vik_reg_exanceaster_secondary
vik_textiles	419	vik_reg_exanceaster_secondary
vik_thing	420	vik_reg_exanceaster_secondary
vik_thrall	421	vik_reg_exanceaster_secondary
vik_moot_hill	422	vik_reg_exanceaster_secondary
vik_mint	423	vik_reg_exanceaster_secondary
vik_merchant	424	vik_reg_exanceaster_secondary
vik_market_fair	426	vik_reg_exanceaster_secondary
vik_court	427	vik_reg_exanceaster_secondary
vik_estate	428	vik_reg_exanceaster_secondary
vik_high_cross	429	vik_reg_exanceaster_secondary
vik_tools	430	vik_reg_exanceaster_secondary
vik_pasture	431	vik_reg_liwtune_primary
vik_martyrs_mint	432	vik_reg_liwtune_secondary
vik_garrison	433	vik_reg_liwtune_secondary
vik_alehouse	434	vik_reg_liwtune_secondary
vik_abbey	435	vik_reg_liwtune_secondary
vik_tanner	436	vik_reg_liwtune_secondary
vik_granary	437	vik_reg_liwtune_secondary
vik_mill	438	vik_reg_liwtune_secondary
vik_copper	439	vik_reg_totanes_primary
vik_pottery	440	vik_reg_brideport_primary
vik_farm	441	vik_reg_sceaftesburg_primary
vik_martyrs_mint	442	vik_reg_sceaftesburg_secondary
vik_garrison	443	vik_reg_sceaftesburg_secondary
vik_alehouse	444	vik_reg_sceaftesburg_secondary
vik_abbey	445	vik_reg_sceaftesburg_secondary
vik_tanner	446	vik_reg_sceaftesburg_secondary
vik_granary	447	vik_reg_sceaftesburg_secondary
vik_mill	448	vik_reg_sceaftesburg_secondary
vik_orchard	449	vik_reg_scireburnan_primary
vik_market	450	vik_reg_werham_primary
vik_trade_port	451	vik_reg_werham_port
vik_arena	452	vik_reg_werham_secondary
vik_artisans	453	vik_reg_werham_secondary
vik_church	456	vik_reg_werham_secondary
vik_craft_merchant	457	vik_reg_werham_secondary
vik_forge	458	vik_reg_werham_secondary
vik_wood	459	vik_reg_werham_secondary
vik_workshop	460	vik_reg_werham_secondary
vik_warehouse	461	vik_reg_werham_secondary
vik_textiles	462	vik_reg_werham_secondary
vik_thing	463	vik_reg_werham_secondary
vik_thrall	464	vik_reg_werham_secondary
vik_moot_hill	465	vik_reg_werham_secondary
vik_mint	466	vik_reg_werham_secondary
vik_merchant	467	vik_reg_werham_secondary
vik_market_fair	469	vik_reg_werham_secondary
vik_court	470	vik_reg_werham_secondary
vik_estate	471	vik_reg_werham_secondary
vik_high_cross	472	vik_reg_werham_secondary
vik_tools	473	vik_reg_werham_secondary
vik_copper	474	vik_reg_aporcrosan_primary
vik_iron	475	vik_reg_cell_daltain_primary
vik_fishing	476	vik_reg_cell_daltain_port
vik_monastery	477	vik_reg_ioua_primary
vik_port	478	vik_reg_ioua_port
vik_round_tower	479	vik_reg_ioua_secondary
vik_church_crafts	480	vik_reg_ioua_secondary
vik_bullaun	481	vik_reg_ioua_secondary
vik_wax	482	vik_reg_ioua_secondary
vik_scribes	483	vik_reg_ioua_secondary
vik_lead	484	vik_reg_ioua_secondary
vik_library	485	vik_reg_ioua_secondary
vik_orchard	486	vik_reg_cair_mirddin_primary
vik_great_hall	487	vik_reg_dinefwr_primary
vik_arena	488	vik_reg_dinefwr_secondary
vik_artisans	489	vik_reg_dinefwr_secondary
vik_bard	491	vik_reg_dinefwr_secondary
vik_church	492	vik_reg_dinefwr_secondary
vik_craft_merchant	493	vik_reg_dinefwr_secondary
vik_forge	494	vik_reg_dinefwr_secondary
vik_wood	495	vik_reg_dinefwr_secondary
vik_workshop	496	vik_reg_dinefwr_secondary
vik_warehouse	497	vik_reg_dinefwr_secondary
vik_textiles	498	vik_reg_dinefwr_secondary
vik_thing	499	vik_reg_dinefwr_secondary
vik_thrall	500	vik_reg_dinefwr_secondary
vik_moot_hill	501	vik_reg_dinefwr_secondary
vik_mint	502	vik_reg_dinefwr_secondary
vik_merchant	503	vik_reg_dinefwr_secondary
vik_market_fair	505	vik_reg_dinefwr_secondary
vik_court	506	vik_reg_dinefwr_secondary
vik_estate	507	vik_reg_dinefwr_secondary
vik_high_cross	508	vik_reg_dinefwr_secondary
vik_tools	509	vik_reg_dinefwr_secondary
vik_pasture	510	vik_reg_haverfordia_primary
vik_st_dewi	511	vik_reg_menevia_primary
vik_fishing	512	vik_reg_menevia_port
vik_farm	513	vik_reg_celmeresfort_primary
vik_great_hall	514	vik_reg_colneceaster_primary
vik_arena	515	vik_reg_colneceaster_secondary
vik_artisans	516	vik_reg_colneceaster_secondary
vik_church	519	vik_reg_colneceaster_secondary
vik_craft_merchant	520	vik_reg_colneceaster_secondary
vik_forge	521	vik_reg_colneceaster_secondary
vik_wood	522	vik_reg_colneceaster_secondary
vik_workshop	523	vik_reg_colneceaster_secondary
vik_warehouse	524	vik_reg_colneceaster_secondary
vik_textiles	525	vik_reg_colneceaster_secondary
vik_thing	526	vik_reg_colneceaster_secondary
vik_thrall	527	vik_reg_colneceaster_secondary
vik_moot_hill	528	vik_reg_colneceaster_secondary
vik_mint	529	vik_reg_colneceaster_secondary
vik_merchant	530	vik_reg_colneceaster_secondary
vik_market_fair	532	vik_reg_colneceaster_secondary
vik_court	533	vik_reg_colneceaster_secondary
vik_estate	534	vik_reg_colneceaster_secondary
vik_high_cross	535	vik_reg_colneceaster_secondary
vik_tools	536	vik_reg_colneceaster_secondary
vik_salt	537	vik_reg_maeldune_primary
vik_fishing	538	vik_reg_maeldune_port
vik_salt	539	vik_reg_tilaburg_primary
vik_cloth	540	vik_reg_wigingamere_primary
vik_great_hall	541	vik_reg_haestingas_primary
vik_port	542	vik_reg_haestingas_port
vik_arena	543	vik_reg_haestingas_secondary
vik_artisans	544	vik_reg_haestingas_secondary
vik_church	547	vik_reg_haestingas_secondary
vik_craft_merchant	548	vik_reg_haestingas_secondary
vik_forge	549	vik_reg_haestingas_secondary
vik_wood	550	vik_reg_haestingas_secondary
vik_workshop	551	vik_reg_haestingas_secondary
vik_warehouse	552	vik_reg_haestingas_secondary
vik_textiles	553	vik_reg_haestingas_secondary
vik_thing	554	vik_reg_haestingas_secondary
vik_thrall	555	vik_reg_haestingas_secondary
vik_moot_hill	556	vik_reg_haestingas_secondary
vik_mint	557	vik_reg_haestingas_secondary
vik_merchant	558	vik_reg_haestingas_secondary
vik_market_fair	560	vik_reg_haestingas_secondary
vik_court	561	vik_reg_haestingas_secondary
vik_estate	562	vik_reg_haestingas_secondary
vik_high_cross	563	vik_reg_haestingas_secondary
vik_tools	564	vik_reg_haestingas_secondary
vik_hunting	565	vik_reg_laewe_primary
vik_martyrs_mint	566	vik_reg_laewe_secondary
vik_garrison	567	vik_reg_laewe_secondary
vik_alehouse	568	vik_reg_laewe_secondary
vik_abbey	569	vik_reg_laewe_secondary
vik_tanner	570	vik_reg_laewe_secondary
vik_granary	571	vik_reg_laewe_secondary
vik_mill	572	vik_reg_laewe_secondary
vik_iron	573	vik_reg_pefenesea_primary
vik_cloth	574	vik_reg_beoferlic_primary
vik_market	575	vik_reg_eoferwic_primary
vik_trade_port	576	vik_reg_eoferwic_port
vik_arena	577	vik_reg_eoferwic_secondary
vik_artisans	578	vik_reg_eoferwic_secondary
vik_church	581	vik_reg_eoferwic_secondary
vik_craft_merchant	582	vik_reg_eoferwic_secondary
vik_forge	583	vik_reg_eoferwic_secondary
vik_wood	584	vik_reg_eoferwic_secondary
vik_workshop	585	vik_reg_eoferwic_secondary
vik_warehouse	586	vik_reg_eoferwic_secondary
vik_textiles	587	vik_reg_eoferwic_secondary
vik_thing	588	vik_reg_eoferwic_secondary
vik_thrall	589	vik_reg_eoferwic_secondary
vik_moot_hill	590	vik_reg_eoferwic_secondary
vik_mint	591	vik_reg_eoferwic_secondary
vik_merchant	592	vik_reg_eoferwic_secondary
vik_market_fair	594	vik_reg_eoferwic_secondary
vik_court	595	vik_reg_eoferwic_secondary
vik_estate	596	vik_reg_eoferwic_secondary
vik_high_cross	597	vik_reg_eoferwic_secondary
vik_tools	598	vik_reg_eoferwic_secondary
vik_copper	599	vik_reg_heslerton_primary
vik_farm	600	vik_reg_poclintun_primary
vik_martyrs_mint	601	vik_reg_poclintun_secondary
vik_garrison	602	vik_reg_poclintun_secondary
vik_alehouse	603	vik_reg_poclintun_secondary
vik_abbey	604	vik_reg_poclintun_secondary
vik_tanner	605	vik_reg_poclintun_secondary
vik_granary	606	vik_reg_poclintun_secondary
vik_mill	607	vik_reg_poclintun_secondary
vik_pasture	608	vik_reg_huntandun_primary
vik_martyrs_mint	609	vik_reg_huntandun_secondary
vik_garrison	610	vik_reg_huntandun_secondary
vik_alehouse	611	vik_reg_huntandun_secondary
vik_abbey	612	vik_reg_huntandun_secondary
vik_tanner	613	vik_reg_huntandun_secondary
vik_granary	614	vik_reg_huntandun_secondary
vik_mill	615	vik_reg_huntandun_secondary
vik_market	616	vik_reg_steanford_primary
vik_arena	617	vik_reg_steanford_secondary
vik_artisans	618	vik_reg_steanford_secondary
vik_church	621	vik_reg_steanford_secondary
vik_craft_merchant	622	vik_reg_steanford_secondary
vik_forge	623	vik_reg_steanford_secondary
vik_wood	624	vik_reg_steanford_secondary
vik_workshop	625	vik_reg_steanford_secondary
vik_warehouse	626	vik_reg_steanford_secondary
vik_textiles	627	vik_reg_steanford_secondary
vik_thing	628	vik_reg_steanford_secondary
vik_thrall	629	vik_reg_steanford_secondary
vik_moot_hill	630	vik_reg_steanford_secondary
vik_mint	631	vik_reg_steanford_secondary
vik_merchant	632	vik_reg_steanford_secondary
vik_market_fair	634	vik_reg_steanford_secondary
vik_court	635	vik_reg_steanford_secondary
vik_estate	636	vik_reg_steanford_secondary
vik_high_cross	637	vik_reg_steanford_secondary
vik_tools	638	vik_reg_steanford_secondary
vik_pottery	639	vik_reg_elig_primary
vik_market	640	vik_reg_grantabrycg_primary
vik_arena	641	vik_reg_grantabrycg_secondary
vik_artisans	642	vik_reg_grantabrycg_secondary
vik_church	645	vik_reg_grantabrycg_secondary
vik_craft_merchant	646	vik_reg_grantabrycg_secondary
vik_forge	647	vik_reg_grantabrycg_secondary
vik_wood	648	vik_reg_grantabrycg_secondary
vik_workshop	649	vik_reg_grantabrycg_secondary
vik_warehouse	650	vik_reg_grantabrycg_secondary
vik_textiles	651	vik_reg_grantabrycg_secondary
vik_thing	652	vik_reg_grantabrycg_secondary
vik_thrall	653	vik_reg_grantabrycg_secondary
vik_moot_hill	654	vik_reg_grantabrycg_secondary
vik_mint	655	vik_reg_grantabrycg_secondary
vik_merchant	656	vik_reg_grantabrycg_secondary
vik_market_fair	658	vik_reg_grantabrycg_secondary
vik_court	659	vik_reg_grantabrycg_secondary
vik_estate	660	vik_reg_grantabrycg_secondary
vik_high_cross	661	vik_reg_grantabrycg_secondary
vik_tools	662	vik_reg_grantabrycg_secondary
vik_hunting	663	vik_reg_herutford_primary
vik_farm	664	vik_reg_sancte_albanes_primary
vik_martyrs_mint	665	vik_reg_sancte_albanes_secondary
vik_garrison	666	vik_reg_sancte_albanes_secondary
vik_alehouse	667	vik_reg_sancte_albanes_secondary
vik_abbey	668	vik_reg_sancte_albanes_secondary
vik_tanner	669	vik_reg_sancte_albanes_secondary
vik_granary	670	vik_reg_sancte_albanes_secondary
vik_mill	671	vik_reg_sancte_albanes_secondary
vik_great_hall	672	vik_reg_aberffro_primary
vik_port	673	vik_reg_aberffro_port
vik_arena	674	vik_reg_aberffro_secondary
vik_artisans	675	vik_reg_aberffro_secondary
vik_bard	677	vik_reg_aberffro_secondary
vik_church	678	vik_reg_aberffro_secondary
vik_craft_merchant	679	vik_reg_aberffro_secondary
vik_forge	680	vik_reg_aberffro_secondary
vik_wood	681	vik_reg_aberffro_secondary
vik_workshop	682	vik_reg_aberffro_secondary
vik_warehouse	683	vik_reg_aberffro_secondary
vik_textiles	684	vik_reg_aberffro_secondary
vik_thing	685	vik_reg_aberffro_secondary
vik_thrall	686	vik_reg_aberffro_secondary
vik_moot_hill	687	vik_reg_aberffro_secondary
vik_mint	688	vik_reg_aberffro_secondary
vik_merchant	689	vik_reg_aberffro_secondary
vik_market_fair	691	vik_reg_aberffro_secondary
vik_court	692	vik_reg_aberffro_secondary
vik_estate	693	vik_reg_aberffro_secondary
vik_high_cross	694	vik_reg_aberffro_secondary
vik_tools	695	vik_reg_aberffro_secondary
vik_pasture	696	vik_reg_cair_segeint_primary
vik_copper	697	vik_reg_dugannu_primary
vik_fishing	698	vik_reg_dugannu_port
vik_iron	699	vik_reg_rudglann_primary
vik_cloth	700	vik_reg_basengas_primary
vik_salt	701	vik_reg_porteceaster_primary
vik_farm	702	vik_reg_suthhamtun_primary
vik_fishing	703	vik_reg_suthhamtun_port
vik_farm	704	vik_reg_wiht_primary
vik_great_hall	705	vik_reg_wintanceaster_primary
vik_arena	706	vik_reg_wintanceaster_secondary
vik_artisans	707	vik_reg_wintanceaster_secondary
vik_church	710	vik_reg_wintanceaster_secondary
vik_craft_merchant	711	vik_reg_wintanceaster_secondary
vik_forge	712	vik_reg_wintanceaster_secondary
vik_wood	713	vik_reg_wintanceaster_secondary
vik_workshop	714	vik_reg_wintanceaster_secondary
vik_warehouse	715	vik_reg_wintanceaster_secondary
vik_textiles	716	vik_reg_wintanceaster_secondary
vik_thing	717	vik_reg_wintanceaster_secondary
vik_thrall	718	vik_reg_wintanceaster_secondary
vik_moot_hill	719	vik_reg_wintanceaster_secondary
vik_mint	720	vik_reg_wintanceaster_secondary
vik_merchant	721	vik_reg_wintanceaster_secondary
vik_market_fair	723	vik_reg_wintanceaster_secondary
vik_court	724	vik_reg_wintanceaster_secondary
vik_estate	725	vik_reg_wintanceaster_secondary
vik_high_cross	726	vik_reg_wintanceaster_secondary
vik_tools	727	vik_reg_wintanceaster_secondary
vik_longphort	728	vik_reg_hlymrekr_primary
vik_port	729	vik_reg_hlymrekr_port
vik_round_tower	730	vik_reg_hlymrekr_secondary
vik_church_crafts	731	vik_reg_hlymrekr_secondary
vik_bullaun	732	vik_reg_hlymrekr_secondary
vik_wax	733	vik_reg_hlymrekr_secondary
vik_scribes	734	vik_reg_hlymrekr_secondary
vik_lead	735	vik_reg_hlymrekr_secondary
vik_library	736	vik_reg_hlymrekr_secondary
vik_pasture	737	vik_reg_tuam_greine_primary
vik_silver	738	vik_reg_cirenceaster_primary
vik_farm	739	vik_reg_eofesham_primary
vik_market	740	vik_reg_gleawceaster_primary
vik_arena	741	vik_reg_gleawceaster_secondary
vik_artisans	742	vik_reg_gleawceaster_secondary
vik_church	745	vik_reg_gleawceaster_secondary
vik_craft_merchant	746	vik_reg_gleawceaster_secondary
vik_forge	747	vik_reg_gleawceaster_secondary
vik_wood	748	vik_reg_gleawceaster_secondary
vik_workshop	749	vik_reg_gleawceaster_secondary
vik_warehouse	750	vik_reg_gleawceaster_secondary
vik_textiles	751	vik_reg_gleawceaster_secondary
vik_thing	752	vik_reg_gleawceaster_secondary
vik_thrall	753	vik_reg_gleawceaster_secondary
vik_moot_hill	754	vik_reg_gleawceaster_secondary
vik_mint	755	vik_reg_gleawceaster_secondary
vik_merchant	756	vik_reg_gleawceaster_secondary
vik_market_fair	758	vik_reg_gleawceaster_secondary
vik_court	759	vik_reg_gleawceaster_secondary
vik_estate	760	vik_reg_gleawceaster_secondary
vik_high_cross	761	vik_reg_gleawceaster_secondary
vik_tools	762	vik_reg_gleawceaster_secondary
vik_hunting	763	vik_reg_hereford_primary
vik_martyrs_mint	764	vik_reg_hereford_secondary
vik_garrison	765	vik_reg_hereford_secondary
vik_alehouse	766	vik_reg_hereford_secondary
vik_abbey	767	vik_reg_hereford_secondary
vik_tanner	768	vik_reg_hereford_secondary
vik_granary	769	vik_reg_hereford_secondary
vik_mill	770	vik_reg_hereford_secondary
vik_cloth	771	vik_reg_wigracestre_primary
vik_great_hall	772	vik_reg_airchardan_primary
vik_arena	773	vik_reg_airchardan_secondary
vik_artisans	774	vik_reg_airchardan_secondary
vik_church	777	vik_reg_airchardan_secondary
vik_craft_merchant	778	vik_reg_airchardan_secondary
vik_forge	779	vik_reg_airchardan_secondary
vik_wood	780	vik_reg_airchardan_secondary
vik_workshop	781	vik_reg_airchardan_secondary
vik_warehouse	782	vik_reg_airchardan_secondary
vik_textiles	783	vik_reg_airchardan_secondary
vik_thing	784	vik_reg_airchardan_secondary
vik_thrall	785	vik_reg_airchardan_secondary
vik_moot_hill	786	vik_reg_airchardan_secondary
vik_mint	787	vik_reg_airchardan_secondary
vik_merchant	788	vik_reg_airchardan_secondary
vik_market_fair	790	vik_reg_airchardan_secondary
vik_court	791	vik_reg_airchardan_secondary
vik_estate	792	vik_reg_airchardan_secondary
vik_high_cross	793	vik_reg_airchardan_secondary
vik_tools	794	vik_reg_airchardan_secondary
vik_hunting	795	vik_reg_ros_maircind_primary
vik_pasture	796	vik_reg_torfness_primary
vik_fishing	797	vik_reg_torfness_port
vik_iron	798	vik_reg_ard_fert_primary
vik_pottery	799	vik_reg_cathair_domnaill_primary
vik_pasture	800	vik_reg_druim_collachair_primary
vik_monastery	801	vik_reg_inis_faithlenn_primary
vik_port	802	vik_reg_inis_faithlenn_port
vik_round_tower	803	vik_reg_inis_faithlenn_secondary
vik_church_crafts	804	vik_reg_inis_faithlenn_secondary
vik_bullaun	805	vik_reg_inis_faithlenn_secondary
vik_wax	806	vik_reg_inis_faithlenn_secondary
vik_scribes	807	vik_reg_inis_faithlenn_secondary
vik_lead	808	vik_reg_inis_faithlenn_secondary
vik_library	809	vik_reg_inis_faithlenn_secondary
vik_school_ros	810	vik_reg_ros_ailithir_primary
vik_martyrs_mint	811	vik_reg_ros_ailithir_secondary
vik_garrison	812	vik_reg_ros_ailithir_secondary
vik_alehouse	813	vik_reg_ros_ailithir_secondary
vik_abbey	814	vik_reg_ros_ailithir_secondary
vik_tanner	815	vik_reg_ros_ailithir_secondary
vik_granary	816	vik_reg_ros_ailithir_secondary
vik_mill	817	vik_reg_ros_ailithir_secondary
vik_tin	818	vik_reg_bodmine_primary
vik_farm	819	vik_reg_sancte_germanes_primary
vik_pasture	820	vik_reg_sancte_ye_primary
vik_great_hall	821	vik_reg_tintagol_primary
vik_trade	822	vik_reg_tintagol_port
vik_arena	823	vik_reg_tintagol_secondary
vik_artisans	824	vik_reg_tintagol_secondary
vik_church	827	vik_reg_tintagol_secondary
vik_craft_merchant	828	vik_reg_tintagol_secondary
vik_forge	829	vik_reg_tintagol_secondary
vik_wood	830	vik_reg_tintagol_secondary
vik_workshop	831	vik_reg_tintagol_secondary
vik_warehouse	832	vik_reg_tintagol_secondary
vik_textiles	833	vik_reg_tintagol_secondary
vik_thing	834	vik_reg_tintagol_secondary
vik_thrall	835	vik_reg_tintagol_secondary
vik_moot_hill	836	vik_reg_tintagol_secondary
vik_mint	837	vik_reg_tintagol_secondary
vik_merchant	838	vik_reg_tintagol_secondary
vik_market_fair	840	vik_reg_tintagol_secondary
vik_court	841	vik_reg_tintagol_secondary
vik_estate	842	vik_reg_tintagol_secondary
vik_high_cross	843	vik_reg_tintagol_secondary
vik_tools	844	vik_reg_tintagol_secondary
vik_pasture	845	vik_reg_an_tinbhear_mor_primary
vik_fishing	846	vik_reg_an_tinbhear_mor_port
vik_iron	847	vik_reg_cluain_mor_primary
vik_farm	848	vik_reg_ferna_primary
vik_hunting	849	vik_reg_gleann_da_loch_primary
vik_great_hall	850	vik_reg_nas_primary
vik_arena	851	vik_reg_nas_secondary
vik_artisans	852	vik_reg_nas_secondary
vik_church	855	vik_reg_nas_secondary
vik_craft_merchant	856	vik_reg_nas_secondary
vik_forge	857	vik_reg_nas_secondary
vik_wood	858	vik_reg_nas_secondary
vik_workshop	859	vik_reg_nas_secondary
vik_warehouse	860	vik_reg_nas_secondary
vik_textiles	861	vik_reg_nas_secondary
vik_thing	862	vik_reg_nas_secondary
vik_thrall	863	vik_reg_nas_secondary
vik_moot_hill	864	vik_reg_nas_secondary
vik_mint	865	vik_reg_nas_secondary
vik_merchant	866	vik_reg_nas_secondary
vik_market_fair	868	vik_reg_nas_secondary
vik_court	869	vik_reg_nas_secondary
vik_estate	870	vik_reg_nas_secondary
vik_high_cross	871	vik_reg_nas_secondary
vik_tools	872	vik_reg_nas_secondary
vik_salt	873	vik_reg_drayton_primary
vik_fishing	874	vik_reg_drayton_port
vik_pottery	875	vik_reg_flichesburg_primary
vik_great_hall	876	vik_reg_lindcylne_primary
vik_arena	877	vik_reg_lindcylne_secondary
vik_artisans	878	vik_reg_lindcylne_secondary
vik_church	881	vik_reg_lindcylne_secondary
vik_craft_merchant	882	vik_reg_lindcylne_secondary
vik_forge	883	vik_reg_lindcylne_secondary
vik_wood	884	vik_reg_lindcylne_secondary
vik_workshop	885	vik_reg_lindcylne_secondary
vik_warehouse	886	vik_reg_lindcylne_secondary
vik_textiles	887	vik_reg_lindcylne_secondary
vik_thing	888	vik_reg_lindcylne_secondary
vik_thrall	889	vik_reg_lindcylne_secondary
vik_moot_hill	890	vik_reg_lindcylne_secondary
vik_mint	891	vik_reg_lindcylne_secondary
vik_merchant	892	vik_reg_lindcylne_secondary
vik_market_fair	894	vik_reg_lindcylne_secondary
vik_court	895	vik_reg_lindcylne_secondary
vik_estate	896	vik_reg_lindcylne_secondary
vik_high_cross	897	vik_reg_lindcylne_secondary
vik_tools	898	vik_reg_lindcylne_secondary
vik_pottery	899	vik_reg_lude_primary
vik_farm	900	vik_reg_tureceseig_primary
vik_farm	901	vik_reg_aebburcurnig_primary
vik_salt	902	vik_reg_dynbaer_primary
vik_fishing	903	vik_reg_dynbaer_port
vik_mountain_hall	904	vik_reg_eidenburg_primary
vik_port	905	vik_reg_eidenburg_port
vik_arena	906	vik_reg_eidenburg_secondary
vik_artisans	907	vik_reg_eidenburg_secondary
vik_church	910	vik_reg_eidenburg_secondary
vik_craft_merchant	911	vik_reg_eidenburg_secondary
vik_forge	912	vik_reg_eidenburg_secondary
vik_wood	913	vik_reg_eidenburg_secondary
vik_workshop	914	vik_reg_eidenburg_secondary
vik_warehouse	915	vik_reg_eidenburg_secondary
vik_textiles	916	vik_reg_eidenburg_secondary
vik_thing	917	vik_reg_eidenburg_secondary
vik_thrall	918	vik_reg_eidenburg_secondary
vik_moot_hill	919	vik_reg_eidenburg_secondary
vik_mint	920	vik_reg_eidenburg_secondary
vik_merchant	921	vik_reg_eidenburg_secondary
vik_market_fair	923	vik_reg_eidenburg_secondary
vik_court	924	vik_reg_eidenburg_secondary
vik_estate	925	vik_reg_eidenburg_secondary
vik_high_cross	926	vik_reg_eidenburg_secondary
vik_tools	927	vik_reg_eidenburg_secondary
vik_longphort	928	vik_reg_casteltoun_primary
vik_port	929	vik_reg_casteltoun_port
vik_round_tower	930	vik_reg_casteltoun_secondary
vik_church_crafts	931	vik_reg_casteltoun_secondary
vik_bullaun	932	vik_reg_casteltoun_secondary
vik_wax	933	vik_reg_casteltoun_secondary
vik_scribes	934	vik_reg_casteltoun_secondary
vik_lead	935	vik_reg_casteltoun_secondary
vik_library	936	vik_reg_casteltoun_secondary
vik_pasture	937	vik_reg_inis_patraic_primary
vik_farm	938	vik_reg_bedanford_primary
vik_martyrs_mint	939	vik_reg_bedanford_secondary
vik_garrison	940	vik_reg_bedanford_secondary
vik_alehouse	941	vik_reg_bedanford_secondary
vik_abbey	942	vik_reg_bedanford_secondary
vik_tanner	943	vik_reg_bedanford_secondary
vik_granary	944	vik_reg_bedanford_secondary
vik_mill	945	vik_reg_bedanford_secondary
vik_pottery	946	vik_reg_buccingahamm_primary
vik_great_hall	947	vik_reg_northhamtun_primary
vik_arena	948	vik_reg_northhamtun_secondary
vik_artisans	949	vik_reg_northhamtun_secondary
vik_church	952	vik_reg_northhamtun_secondary
vik_craft_merchant	953	vik_reg_northhamtun_secondary
vik_forge	954	vik_reg_northhamtun_secondary
vik_wood	955	vik_reg_northhamtun_secondary
vik_workshop	956	vik_reg_northhamtun_secondary
vik_warehouse	957	vik_reg_northhamtun_secondary
vik_textiles	958	vik_reg_northhamtun_secondary
vik_thing	959	vik_reg_northhamtun_secondary
vik_thrall	960	vik_reg_northhamtun_secondary
vik_moot_hill	961	vik_reg_northhamtun_secondary
vik_mint	962	vik_reg_northhamtun_secondary
vik_merchant	963	vik_reg_northhamtun_secondary
vik_market_fair	965	vik_reg_northhamtun_secondary
vik_court	966	vik_reg_northhamtun_secondary
vik_estate	967	vik_reg_northhamtun_secondary
vik_high_cross	968	vik_reg_northhamtun_secondary
vik_tools	969	vik_reg_northhamtun_secondary
vik_pottery	970	vik_reg_ebbesham_primary
vik_cloth	971	vik_reg_guldeford_primary
vik_market	972	vik_reg_lunden_primary
vik_trade_port	973	vik_reg_lunden_port
vik_arena	974	vik_reg_lunden_secondary
vik_artisans	975	vik_reg_lunden_secondary
vik_church	978	vik_reg_lunden_secondary
vik_craft_merchant	979	vik_reg_lunden_secondary
vik_forge	980	vik_reg_lunden_secondary
vik_wood	981	vik_reg_lunden_secondary
vik_workshop	982	vik_reg_lunden_secondary
vik_warehouse	983	vik_reg_lunden_secondary
vik_textiles	984	vik_reg_lunden_secondary
vik_thing	985	vik_reg_lunden_secondary
vik_thrall	986	vik_reg_lunden_secondary
vik_moot_hill	987	vik_reg_lunden_secondary
vik_mint	988	vik_reg_lunden_secondary
vik_merchant	989	vik_reg_lunden_secondary
vik_market_fair	991	vik_reg_lunden_secondary
vik_court	992	vik_reg_lunden_secondary
vik_estate	993	vik_reg_lunden_secondary
vik_high_cross	994	vik_reg_lunden_secondary
vik_tools	995	vik_reg_lunden_secondary
vik_silver	996	vik_reg_ardach_primary
vik_martyrs_mint	997	vik_reg_ardach_secondary
vik_garrison	998	vik_reg_ardach_secondary
vik_alehouse	999	vik_reg_ardach_secondary
vik_abbey	1000	vik_reg_ardach_secondary
vik_tanner	1001	vik_reg_ardach_secondary
vik_granary	1002	vik_reg_ardach_secondary
vik_mill	1003	vik_reg_ardach_secondary
vik_pasture	1004	vik_reg_cenannas_primary
vik_martyrs_mint	1005	vik_reg_cenannas_secondary
vik_garrison	1006	vik_reg_cenannas_secondary
vik_alehouse	1007	vik_reg_cenannas_secondary
vik_abbey	1008	vik_reg_cenannas_secondary
vik_tanner	1009	vik_reg_cenannas_secondary
vik_granary	1010	vik_reg_cenannas_secondary
vik_mill	1011	vik_reg_cenannas_secondary
vik_pasture	1012	vik_reg_cluain_iraird_primary
vik_st_ciaran	1013	vik_reg_cluain_mac_nois_primary
vik_round_tower	1014	vik_reg_cluain_mac_nois_secondary
vik_church_crafts	1015	vik_reg_cluain_mac_nois_secondary
vik_bullaun	1016	vik_reg_cluain_mac_nois_secondary
vik_wax	1017	vik_reg_cluain_mac_nois_secondary
vik_scribes	1018	vik_reg_cluain_mac_nois_secondary
vik_lead	1019	vik_reg_cluain_mac_nois_secondary
vik_library	1020	vik_reg_cluain_mac_nois_secondary
vik_cloth	1021	vik_reg_abberdeon_primary
vik_fishing	1022	vik_reg_abberdeon_port
vik_farm	1023	vik_reg_dear_primary
vik_great_hall	1024	vik_reg_dun_foither_primary
vik_port	1025	vik_reg_dun_foither_port
vik_arena	1026	vik_reg_dun_foither_secondary
vik_artisans	1027	vik_reg_dun_foither_secondary
vik_church	1030	vik_reg_dun_foither_secondary
vik_craft_merchant	1031	vik_reg_dun_foither_secondary
vik_forge	1032	vik_reg_dun_foither_secondary
vik_wood	1033	vik_reg_dun_foither_secondary
vik_workshop	1034	vik_reg_dun_foither_secondary
vik_warehouse	1035	vik_reg_dun_foither_secondary
vik_textiles	1036	vik_reg_dun_foither_secondary
vik_thing	1037	vik_reg_dun_foither_secondary
vik_thrall	1038	vik_reg_dun_foither_secondary
vik_moot_hill	1039	vik_reg_dun_foither_secondary
vik_mint	1040	vik_reg_dun_foither_secondary
vik_merchant	1041	vik_reg_dun_foither_secondary
vik_market_fair	1043	vik_reg_dun_foither_secondary
vik_court	1044	vik_reg_dun_foither_secondary
vik_estate	1045	vik_reg_dun_foither_secondary
vik_high_cross	1046	vik_reg_dun_foither_secondary
vik_tools	1047	vik_reg_dun_foither_secondary
vik_farm	1048	vik_reg_rinnin_primary
vik_iron	1049	vik_reg_ros_cuissine_primary
vik_market	1050	vik_reg_cair_gwent_primary
vik_arena	1051	vik_reg_cair_gwent_secondary
vik_artisans	1052	vik_reg_cair_gwent_secondary
vik_bard	1054	vik_reg_cair_gwent_secondary
vik_church	1055	vik_reg_cair_gwent_secondary
vik_craft_merchant	1056	vik_reg_cair_gwent_secondary
vik_forge	1057	vik_reg_cair_gwent_secondary
vik_wood	1058	vik_reg_cair_gwent_secondary
vik_workshop	1059	vik_reg_cair_gwent_secondary
vik_warehouse	1060	vik_reg_cair_gwent_secondary
vik_textiles	1061	vik_reg_cair_gwent_secondary
vik_thing	1062	vik_reg_cair_gwent_secondary
vik_thrall	1063	vik_reg_cair_gwent_secondary
vik_moot_hill	1064	vik_reg_cair_gwent_secondary
vik_mint	1065	vik_reg_cair_gwent_secondary
vik_merchant	1066	vik_reg_cair_gwent_secondary
vik_market_fair	1068	vik_reg_cair_gwent_secondary
vik_court	1069	vik_reg_cair_gwent_secondary
vik_estate	1070	vik_reg_cair_gwent_secondary
vik_high_cross	1071	vik_reg_cair_gwent_secondary
vik_tools	1072	vik_reg_cair_gwent_secondary
vik_silver	1073	vik_reg_dinas_powis_primary
vik_farm	1074	vik_reg_lann_cors_primary
vik_martyrs_mint	1075	vik_reg_lann_cors_secondary
vik_garrison	1076	vik_reg_lann_cors_secondary
vik_alehouse	1077	vik_reg_lann_cors_secondary
vik_abbey	1078	vik_reg_lann_cors_secondary
vik_tanner	1079	vik_reg_lann_cors_secondary
vik_granary	1080	vik_reg_lann_cors_secondary
vik_mill	1081	vik_reg_lann_cors_secondary
vik_hunting	1082	vik_reg_lann_ildut_primary
vik_fishing	1083	vik_reg_lann_ildut_port
vik_farm	1084	vik_reg_nedd_primary
vik_copper	1085	vik_reg_ard_mor_primary
vik_fishing	1086	vik_reg_ard_mor_port
vik_rock_caisil	1087	vik_reg_caisil_primary
vik_arena	1088	vik_reg_caisil_secondary
vik_artisans	1089	vik_reg_caisil_secondary
vik_church	1092	vik_reg_caisil_secondary
vik_craft_merchant	1093	vik_reg_caisil_secondary
vik_forge	1094	vik_reg_caisil_secondary
vik_wood	1095	vik_reg_caisil_secondary
vik_workshop	1096	vik_reg_caisil_secondary
vik_warehouse	1097	vik_reg_caisil_secondary
vik_textiles	1098	vik_reg_caisil_secondary
vik_thing	1099	vik_reg_caisil_secondary
vik_thrall	1100	vik_reg_caisil_secondary
vik_moot_hill	1101	vik_reg_caisil_secondary
vik_mint	1102	vik_reg_caisil_secondary
vik_merchant	1103	vik_reg_caisil_secondary
vik_market_fair	1105	vik_reg_caisil_secondary
vik_court	1106	vik_reg_caisil_secondary
vik_estate	1107	vik_reg_caisil_secondary
vik_high_cross	1108	vik_reg_caisil_secondary
vik_tools	1109	vik_reg_caisil_secondary
vik_pasture	1110	vik_reg_imblech_ibair_primary
vik_tin	1111	vik_reg_lis_mor_primary
vik_cloth	1112	vik_reg_aelmham_primary
vik_tin	1113	vik_reg_earmutha_primary
vik_fishing	1114	vik_reg_earmutha_port
vik_market	1115	vik_reg_northwic_primary
vik_arena	1116	vik_reg_northwic_secondary
vik_artisans	1117	vik_reg_northwic_secondary
vik_church	1120	vik_reg_northwic_secondary
vik_craft_merchant	1121	vik_reg_northwic_secondary
vik_forge	1122	vik_reg_northwic_secondary
vik_wood	1123	vik_reg_northwic_secondary
vik_workshop	1124	vik_reg_northwic_secondary
vik_warehouse	1125	vik_reg_northwic_secondary
vik_textiles	1126	vik_reg_northwic_secondary
vik_thing	1127	vik_reg_northwic_secondary
vik_thrall	1128	vik_reg_northwic_secondary
vik_moot_hill	1129	vik_reg_northwic_secondary
vik_mint	1130	vik_reg_northwic_secondary
vik_merchant	1131	vik_reg_northwic_secondary
vik_market_fair	1133	vik_reg_northwic_secondary
vik_court	1134	vik_reg_northwic_secondary
vik_estate	1135	vik_reg_northwic_secondary
vik_high_cross	1136	vik_reg_northwic_secondary
vik_tools	1137	vik_reg_northwic_secondary
vik_farm	1138	vik_reg_theodford_primary
vik_hunting	1139	vik_reg_deoraby_primary
vik_martyrs_mint	1140	vik_reg_deoraby_secondary
vik_garrison	1141	vik_reg_deoraby_secondary
vik_alehouse	1142	vik_reg_deoraby_secondary
vik_abbey	1143	vik_reg_deoraby_secondary
vik_tanner	1144	vik_reg_deoraby_secondary
vik_granary	1145	vik_reg_deoraby_secondary
vik_mill	1146	vik_reg_deoraby_secondary
vik_iron	1147	vik_reg_dor_primary
vik_great_hall	1148	vik_reg_snotingaham_primary
vik_arena	1149	vik_reg_snotingaham_secondary
vik_artisans	1150	vik_reg_snotingaham_secondary
vik_church	1153	vik_reg_snotingaham_secondary
vik_craft_merchant	1154	vik_reg_snotingaham_secondary
vik_forge	1155	vik_reg_snotingaham_secondary
vik_wood	1156	vik_reg_snotingaham_secondary
vik_workshop	1157	vik_reg_snotingaham_secondary
vik_warehouse	1158	vik_reg_snotingaham_secondary
vik_textiles	1159	vik_reg_snotingaham_secondary
vik_thing	1160	vik_reg_snotingaham_secondary
vik_thrall	1161	vik_reg_snotingaham_secondary
vik_moot_hill	1162	vik_reg_snotingaham_secondary
vik_mint	1163	vik_reg_snotingaham_secondary
vik_merchant	1164	vik_reg_snotingaham_secondary
vik_market_fair	1166	vik_reg_snotingaham_secondary
vik_court	1167	vik_reg_snotingaham_secondary
vik_estate	1168	vik_reg_snotingaham_secondary
vik_high_cross	1169	vik_reg_snotingaham_secondary
vik_tools	1170	vik_reg_snotingaham_secondary
vik_pasture	1171	vik_reg_wyrcesuuyrthe_primary
vik_iron	1172	vik_reg_alclyt_primary
vik_great_hall	1173	vik_reg_cetretha_primary
vik_arena	1174	vik_reg_cetretha_secondary
vik_artisans	1175	vik_reg_cetretha_secondary
vik_church	1178	vik_reg_cetretha_secondary
vik_craft_merchant	1179	vik_reg_cetretha_secondary
vik_forge	1180	vik_reg_cetretha_secondary
vik_wood	1181	vik_reg_cetretha_secondary
vik_workshop	1182	vik_reg_cetretha_secondary
vik_warehouse	1183	vik_reg_cetretha_secondary
vik_textiles	1184	vik_reg_cetretha_secondary
vik_thing	1185	vik_reg_cetretha_secondary
vik_thrall	1186	vik_reg_cetretha_secondary
vik_moot_hill	1187	vik_reg_cetretha_secondary
vik_mint	1188	vik_reg_cetretha_secondary
vik_merchant	1189	vik_reg_cetretha_secondary
vik_market_fair	1191	vik_reg_cetretha_secondary
vik_court	1192	vik_reg_cetretha_secondary
vik_estate	1193	vik_reg_cetretha_secondary
vik_high_cross	1194	vik_reg_cetretha_secondary
vik_tools	1195	vik_reg_cetretha_secondary
vik_st_cuthbert	1196	vik_reg_dunholm_primary
vik_pasture	1197	vik_reg_gyruum_primary
vik_fishing	1198	vik_reg_gyruum_port
vik_cloth	1199	vik_reg_hagustaldes_primary
vik_farm	1200	vik_reg_brug_primary
vik_market	1201	vik_reg_ceaster_primary
vik_arena	1202	vik_reg_ceaster_secondary
vik_artisans	1203	vik_reg_ceaster_secondary
vik_church	1206	vik_reg_ceaster_secondary
vik_craft_merchant	1207	vik_reg_ceaster_secondary
vik_forge	1208	vik_reg_ceaster_secondary
vik_wood	1209	vik_reg_ceaster_secondary
vik_workshop	1210	vik_reg_ceaster_secondary
vik_warehouse	1211	vik_reg_ceaster_secondary
vik_textiles	1212	vik_reg_ceaster_secondary
vik_thing	1213	vik_reg_ceaster_secondary
vik_thrall	1214	vik_reg_ceaster_secondary
vik_moot_hill	1215	vik_reg_ceaster_secondary
vik_mint	1216	vik_reg_ceaster_secondary
vik_merchant	1217	vik_reg_ceaster_secondary
vik_market_fair	1219	vik_reg_ceaster_secondary
vik_court	1220	vik_reg_ceaster_secondary
vik_estate	1221	vik_reg_ceaster_secondary
vik_high_cross	1222	vik_reg_ceaster_secondary
vik_tools	1223	vik_reg_ceaster_secondary
vik_cloth	1224	vik_reg_scrobbesburg_primary
vik_martyrs_mint	1225	vik_reg_scrobbesburg_secondary
vik_garrison	1226	vik_reg_scrobbesburg_secondary
vik_alehouse	1227	vik_reg_scrobbesburg_secondary
vik_abbey	1228	vik_reg_scrobbesburg_secondary
vik_tanner	1229	vik_reg_scrobbesburg_secondary
vik_granary	1230	vik_reg_scrobbesburg_secondary
vik_mill	1231	vik_reg_scrobbesburg_secondary
vik_achad_bo	1232	vik_reg_achadh_bo_primary
vik_round_tower	1233	vik_reg_achadh_bo_secondary
vik_church_crafts	1234	vik_reg_achadh_bo_secondary
vik_bullaun	1235	vik_reg_achadh_bo_secondary
vik_wax	1236	vik_reg_achadh_bo_secondary
vik_scribes	1237	vik_reg_achadh_bo_secondary
vik_lead	1238	vik_reg_achadh_bo_secondary
vik_library	1239	vik_reg_achadh_bo_secondary
vik_hunting	1240	vik_reg_cell_cainning_primary
vik_pasture	1241	vik_reg_saigher_primary
vik_martyrs_mint	1242	vik_reg_saigher_secondary
vik_garrison	1243	vik_reg_saigher_secondary
vik_alehouse	1244	vik_reg_saigher_secondary
vik_abbey	1245	vik_reg_saigher_secondary
vik_tanner	1246	vik_reg_saigher_secondary
vik_granary	1247	vik_reg_saigher_secondary
vik_mill	1248	vik_reg_saigher_secondary
vik_farm	1249	vik_reg_lann_afan_primary
vik_copper	1250	vik_reg_lann_idloes_primary
vik_great_hall	1251	vik_reg_mathrafal_primary
vik_arena	1252	vik_reg_mathrafal_secondary
vik_artisans	1253	vik_reg_mathrafal_secondary
vik_bard	1255	vik_reg_mathrafal_secondary
vik_church	1256	vik_reg_mathrafal_secondary
vik_craft_merchant	1257	vik_reg_mathrafal_secondary
vik_forge	1258	vik_reg_mathrafal_secondary
vik_wood	1259	vik_reg_mathrafal_secondary
vik_workshop	1260	vik_reg_mathrafal_secondary
vik_warehouse	1261	vik_reg_mathrafal_secondary
vik_textiles	1262	vik_reg_mathrafal_secondary
vik_thing	1263	vik_reg_mathrafal_secondary
vik_thrall	1264	vik_reg_mathrafal_secondary
vik_moot_hill	1265	vik_reg_mathrafal_secondary
vik_mint	1266	vik_reg_mathrafal_secondary
vik_merchant	1267	vik_reg_mathrafal_secondary
vik_market_fair	1269	vik_reg_mathrafal_secondary
vik_court	1270	vik_reg_mathrafal_secondary
vik_estate	1271	vik_reg_mathrafal_secondary
vik_high_cross	1272	vik_reg_mathrafal_secondary
vik_tools	1273	vik_reg_mathrafal_secondary
vik_farm	1274	vik_reg_oswaldestroe_primary
vik_martyrs_mint	1275	vik_reg_oswaldestroe_secondary
vik_garrison	1276	vik_reg_oswaldestroe_secondary
vik_alehouse	1277	vik_reg_oswaldestroe_secondary
vik_abbey	1278	vik_reg_oswaldestroe_secondary
vik_tanner	1279	vik_reg_oswaldestroe_secondary
vik_granary	1280	vik_reg_oswaldestroe_secondary
vik_mill	1281	vik_reg_oswaldestroe_secondary
vik_pottery	1282	vik_reg_licetfelda_primary
vik_farm	1283	vik_reg_staefford_primary
vik_martyrs_mint	1284	vik_reg_staefford_secondary
vik_garrison	1285	vik_reg_staefford_secondary
vik_alehouse	1286	vik_reg_staefford_secondary
vik_abbey	1287	vik_reg_staefford_secondary
vik_tanner	1288	vik_reg_staefford_secondary
vik_granary	1289	vik_reg_staefford_secondary
vik_mill	1290	vik_reg_staefford_secondary
vik_hunting	1291	vik_reg_stoc_primary
vik_offas_hall	1292	vik_reg_tamworthige_primary
vik_arena	1293	vik_reg_tamworthige_secondary
vik_artisans	1294	vik_reg_tamworthige_secondary
vik_church	1297	vik_reg_tamworthige_secondary
vik_craft_merchant	1298	vik_reg_tamworthige_secondary
vik_forge	1299	vik_reg_tamworthige_secondary
vik_wood	1300	vik_reg_tamworthige_secondary
vik_workshop	1301	vik_reg_tamworthige_secondary
vik_warehouse	1302	vik_reg_tamworthige_secondary
vik_textiles	1303	vik_reg_tamworthige_secondary
vik_thing	1304	vik_reg_tamworthige_secondary
vik_thrall	1305	vik_reg_tamworthige_secondary
vik_moot_hill	1306	vik_reg_tamworthige_secondary
vik_mint	1307	vik_reg_tamworthige_secondary
vik_merchant	1308	vik_reg_tamworthige_secondary
vik_master_forge	1309	vik_reg_tamworthige_secondary
vik_market_fair	1310	vik_reg_tamworthige_secondary
vik_court	1311	vik_reg_tamworthige_secondary
vik_estate	1312	vik_reg_tamworthige_secondary
vik_high_cross	1313	vik_reg_tamworthige_secondary
vik_tools	1314	vik_reg_tamworthige_secondary
vik_pottery	1315	vik_reg_alt_clut_primary
vik_fishing	1316	vik_reg_alt_clut_port
vik_farm	1317	vik_reg_dun_domnaill_primary
vik_great_hall	1318	vik_reg_guvan_primary
vik_arena	1319	vik_reg_guvan_secondary
vik_artisans	1320	vik_reg_guvan_secondary
vik_bard	1322	vik_reg_guvan_secondary
vik_church	1323	vik_reg_guvan_secondary
vik_craft_merchant	1324	vik_reg_guvan_secondary
vik_forge	1325	vik_reg_guvan_secondary
vik_wood	1326	vik_reg_guvan_secondary
vik_workshop	1327	vik_reg_guvan_secondary
vik_warehouse	1328	vik_reg_guvan_secondary
vik_textiles	1329	vik_reg_guvan_secondary
vik_thing	1330	vik_reg_guvan_secondary
vik_thrall	1331	vik_reg_guvan_secondary
vik_moot_hill	1332	vik_reg_guvan_secondary
vik_mint	1333	vik_reg_guvan_secondary
vik_merchant	1334	vik_reg_guvan_secondary
vik_market_fair	1336	vik_reg_guvan_secondary
vik_court	1337	vik_reg_guvan_secondary
vik_estate	1338	vik_reg_guvan_secondary
vik_high_cross	1339	vik_reg_guvan_secondary
vik_tools	1340	vik_reg_guvan_secondary
vik_silver	1341	vik_reg_sreth_belin_primary
vik_fishing	1342	vik_reg_sreth_belin_port
vik_great_hall	1343	vik_reg_bornais_primary
vik_herring_port	1344	vik_reg_bornais_port
vik_arena	1345	vik_reg_bornais_secondary
vik_artisans	1346	vik_reg_bornais_secondary
vik_church	1349	vik_reg_bornais_secondary
vik_craft_merchant	1350	vik_reg_bornais_secondary
vik_forge	1351	vik_reg_bornais_secondary
vik_wood	1352	vik_reg_bornais_secondary
vik_workshop	1353	vik_reg_bornais_secondary
vik_warehouse	1354	vik_reg_bornais_secondary
vik_textiles	1355	vik_reg_bornais_secondary
vik_thing	1356	vik_reg_bornais_secondary
vik_thrall	1357	vik_reg_bornais_secondary
vik_moot_hill	1358	vik_reg_bornais_secondary
vik_mint	1359	vik_reg_bornais_secondary
vik_merchant	1360	vik_reg_bornais_secondary
vik_market_fair	1362	vik_reg_bornais_secondary
vik_court	1363	vik_reg_bornais_secondary
vik_estate	1364	vik_reg_bornais_secondary
vik_high_cross	1365	vik_reg_bornais_secondary
vik_tools	1366	vik_reg_bornais_secondary
vik_silver	1367	vik_reg_dun_beccan_primary
vik_fishing	1368	vik_reg_dun_beccan_port
vik_salt	1369	vik_reg_stornochway_primary
vik_fishing	1370	vik_reg_stornochway_port
vik_great_hall	1371	vik_reg_aethelingaeg_primary
vik_arena	1372	vik_reg_aethelingaeg_secondary
vik_artisans	1373	vik_reg_aethelingaeg_secondary
vik_church	1376	vik_reg_aethelingaeg_secondary
vik_craft_merchant	1377	vik_reg_aethelingaeg_secondary
vik_forge	1378	vik_reg_aethelingaeg_secondary
vik_wood	1379	vik_reg_aethelingaeg_secondary
vik_workshop	1380	vik_reg_aethelingaeg_secondary
vik_warehouse	1381	vik_reg_aethelingaeg_secondary
vik_textiles	1382	vik_reg_aethelingaeg_secondary
vik_thing	1383	vik_reg_aethelingaeg_secondary
vik_thrall	1384	vik_reg_aethelingaeg_secondary
vik_moot_hill	1385	vik_reg_aethelingaeg_secondary
vik_mint	1386	vik_reg_aethelingaeg_secondary
vik_merchant	1387	vik_reg_aethelingaeg_secondary
vik_market_fair	1389	vik_reg_aethelingaeg_secondary
vik_court	1390	vik_reg_aethelingaeg_secondary
vik_estate	1391	vik_reg_aethelingaeg_secondary
vik_high_cross	1392	vik_reg_aethelingaeg_secondary
vik_tools	1393	vik_reg_aethelingaeg_secondary
vik_tin	1394	vik_reg_axanbrycg_primary
vik_hunting	1395	vik_reg_bathanceaster_primary
vik_martyrs_mint	1396	vik_reg_bathanceaster_secondary
vik_garrison	1397	vik_reg_bathanceaster_secondary
vik_alehouse	1398	vik_reg_bathanceaster_secondary
vik_abbey	1399	vik_reg_bathanceaster_secondary
vik_tanner	1400	vik_reg_bathanceaster_secondary
vik_granary	1401	vik_reg_bathanceaster_secondary
vik_mill	1402	vik_reg_bathanceaster_secondary
vik_cloth	1403	vik_reg_glastingburi_primary
vik_pasture	1404	vik_reg_waecet_primary
vik_martyrs_mint	1405	vik_reg_waecet_secondary
vik_garrison	1406	vik_reg_waecet_secondary
vik_alehouse	1407	vik_reg_waecet_secondary
vik_abbey	1408	vik_reg_waecet_secondary
vik_tanner	1409	vik_reg_waecet_secondary
vik_granary	1410	vik_reg_waecet_secondary
vik_mill	1411	vik_reg_waecet_secondary
vik_farm	1412	vik_reg_ligeraceaster_primary
vik_martyrs_mint	1413	vik_reg_ligeraceaster_secondary
vik_garrison	1414	vik_reg_ligeraceaster_secondary
vik_alehouse	1415	vik_reg_ligeraceaster_secondary
vik_abbey	1416	vik_reg_ligeraceaster_secondary
vik_tanner	1417	vik_reg_ligeraceaster_secondary
vik_granary	1418	vik_reg_ligeraceaster_secondary
vik_mill	1419	vik_reg_ligeraceaster_secondary
vik_orchard	1420	vik_reg_rocheberie_primary
vik_great_hall	1421	vik_reg_waerincwicum_primary
vik_arena	1422	vik_reg_waerincwicum_secondary
vik_artisans	1423	vik_reg_waerincwicum_secondary
vik_church	1426	vik_reg_waerincwicum_secondary
vik_craft_merchant	1427	vik_reg_waerincwicum_secondary
vik_forge	1428	vik_reg_waerincwicum_secondary
vik_wood	1429	vik_reg_waerincwicum_secondary
vik_workshop	1430	vik_reg_waerincwicum_secondary
vik_warehouse	1431	vik_reg_waerincwicum_secondary
vik_textiles	1432	vik_reg_waerincwicum_secondary
vik_thing	1433	vik_reg_waerincwicum_secondary
vik_thrall	1434	vik_reg_waerincwicum_secondary
vik_moot_hill	1435	vik_reg_waerincwicum_secondary
vik_mint	1436	vik_reg_waerincwicum_secondary
vik_merchant	1437	vik_reg_waerincwicum_secondary
vik_market_fair	1439	vik_reg_waerincwicum_secondary
vik_court	1440	vik_reg_waerincwicum_secondary
vik_estate	1441	vik_reg_waerincwicum_secondary
vik_high_cross	1442	vik_reg_waerincwicum_secondary
vik_tools	1443	vik_reg_waerincwicum_secondary
vik_farm	1444	vik_reg_domuc_primary
vik_pottery	1445	vik_reg_gipeswic_primary
vik_fishing	1446	vik_reg_gipeswic_port
vik_great_hall	1447	vik_reg_rendlesham_primary
vik_arena	1448	vik_reg_rendlesham_secondary
vik_artisans	1449	vik_reg_rendlesham_secondary
vik_church	1452	vik_reg_rendlesham_secondary
vik_craft_merchant	1453	vik_reg_rendlesham_secondary
vik_forge	1454	vik_reg_rendlesham_secondary
vik_wood	1455	vik_reg_rendlesham_secondary
vik_workshop	1456	vik_reg_rendlesham_secondary
vik_warehouse	1457	vik_reg_rendlesham_secondary
vik_textiles	1458	vik_reg_rendlesham_secondary
vik_thing	1459	vik_reg_rendlesham_secondary
vik_thrall	1460	vik_reg_rendlesham_secondary
vik_moot_hill	1461	vik_reg_rendlesham_secondary
vik_mint	1462	vik_reg_rendlesham_secondary
vik_merchant	1463	vik_reg_rendlesham_secondary
vik_market_fair	1465	vik_reg_rendlesham_secondary
vik_court	1466	vik_reg_rendlesham_secondary
vik_estate	1467	vik_reg_rendlesham_secondary
vik_high_cross	1468	vik_reg_rendlesham_secondary
vik_tools	1469	vik_reg_rendlesham_secondary
vik_st_edmund	1470	vik_reg_sancte_eadmundes_primary
vik_great_hall	1471	vik_reg_cathair_commain_primary
vik_arena	1472	vik_reg_cathair_commain_secondary
vik_artisans	1473	vik_reg_cathair_commain_secondary
vik_church	1476	vik_reg_cathair_commain_secondary
vik_craft_merchant	1477	vik_reg_cathair_commain_secondary
vik_forge	1478	vik_reg_cathair_commain_secondary
vik_wood	1479	vik_reg_cathair_commain_secondary
vik_workshop	1480	vik_reg_cathair_commain_secondary
vik_warehouse	1481	vik_reg_cathair_commain_secondary
vik_textiles	1482	vik_reg_cathair_commain_secondary
vik_thing	1483	vik_reg_cathair_commain_secondary
vik_thrall	1484	vik_reg_cathair_commain_secondary
vik_moot_hill	1485	vik_reg_cathair_commain_secondary
vik_mint	1486	vik_reg_cathair_commain_secondary
vik_merchant	1487	vik_reg_cathair_commain_secondary
vik_market_fair	1489	vik_reg_cathair_commain_secondary
vik_court	1490	vik_reg_cathair_commain_secondary
vik_estate	1491	vik_reg_cathair_commain_secondary
vik_high_cross	1492	vik_reg_cathair_commain_secondary
vik_tools	1493	vik_reg_cathair_commain_secondary
vik_farm	1494	vik_reg_inis_cathaigh_primary
vik_pasture	1495	vik_reg_cell_maic_aeda_primary
vik_longphort	1496	vik_reg_vedrafjordr_primary
vik_port	1497	vik_reg_vedrafjordr_port
vik_round_tower	1498	vik_reg_vedrafjordr_secondary
vik_church_crafts	1499	vik_reg_vedrafjordr_secondary
vik_bullaun	1500	vik_reg_vedrafjordr_secondary
vik_wax	1501	vik_reg_vedrafjordr_secondary
vik_scribes	1502	vik_reg_vedrafjordr_secondary
vik_lead	1503	vik_reg_vedrafjordr_secondary
vik_library	1504	vik_reg_vedrafjordr_secondary
vik_pasture	1505	vik_reg_ros_primary
vik_longphort	1506	vik_reg_veisafjordr_primary
vik_port	1507	vik_reg_veisafjordr_port
vik_round_tower	1508	vik_reg_veisafjordr_secondary
vik_church_crafts	1509	vik_reg_veisafjordr_secondary
vik_bullaun	1510	vik_reg_veisafjordr_secondary
vik_wax	1511	vik_reg_veisafjordr_secondary
vik_scribes	1512	vik_reg_veisafjordr_secondary
vik_lead	1513	vik_reg_veisafjordr_secondary
vik_library	1514	vik_reg_veisafjordr_secondary
vik_great_hall	1515	vik_reg_doreceaster_primary
vik_arena	1516	vik_reg_doreceaster_secondary
vik_artisans	1517	vik_reg_doreceaster_secondary
vik_church	1520	vik_reg_doreceaster_secondary
vik_craft_merchant	1521	vik_reg_doreceaster_secondary
vik_forge	1522	vik_reg_doreceaster_secondary
vik_wood	1523	vik_reg_doreceaster_secondary
vik_workshop	1524	vik_reg_doreceaster_secondary
vik_warehouse	1525	vik_reg_doreceaster_secondary
vik_textiles	1526	vik_reg_doreceaster_secondary
vik_thing	1527	vik_reg_doreceaster_secondary
vik_thrall	1528	vik_reg_doreceaster_secondary
vik_moot_hill	1529	vik_reg_doreceaster_secondary
vik_mint	1530	vik_reg_doreceaster_secondary
vik_merchant	1531	vik_reg_doreceaster_secondary
vik_market_fair	1533	vik_reg_doreceaster_secondary
vik_court	1534	vik_reg_doreceaster_secondary
vik_estate	1535	vik_reg_doreceaster_secondary
vik_high_cross	1536	vik_reg_doreceaster_secondary
vik_tools	1537	vik_reg_doreceaster_secondary
vik_orchard	1538	vik_reg_oxnaforda_primary
vik_hunting	1539	vik_reg_middeherst_primary
vik_great_hall	1540	vik_reg_seolesigge_primary
vik_port	1541	vik_reg_seolesigge_port
vik_arena	1542	vik_reg_seolesigge_secondary
vik_artisans	1543	vik_reg_seolesigge_secondary
vik_church	1546	vik_reg_seolesigge_secondary
vik_craft_merchant	1547	vik_reg_seolesigge_secondary
vik_forge	1548	vik_reg_seolesigge_secondary
vik_wood	1549	vik_reg_seolesigge_secondary
vik_workshop	1550	vik_reg_seolesigge_secondary
vik_warehouse	1551	vik_reg_seolesigge_secondary
vik_textiles	1552	vik_reg_seolesigge_secondary
vik_thing	1553	vik_reg_seolesigge_secondary
vik_thrall	1554	vik_reg_seolesigge_secondary
vik_moot_hill	1555	vik_reg_seolesigge_secondary
vik_mint	1556	vik_reg_seolesigge_secondary
vik_merchant	1557	vik_reg_seolesigge_secondary
vik_market_fair	1559	vik_reg_seolesigge_secondary
vik_court	1560	vik_reg_seolesigge_secondary
vik_estate	1561	vik_reg_seolesigge_secondary
vik_high_cross	1562	vik_reg_seolesigge_secondary
vik_tools	1563	vik_reg_seolesigge_secondary
vik_farm	1564	vik_reg_staeningum_primary
vik_farm	1565	vik_reg_doneceaster_primary
vik_silver	1566	vik_reg_hripum_primary
vik_market	1567	vik_reg_loidis_primary
vik_arena	1568	vik_reg_loidis_secondary
vik_artisans	1569	vik_reg_loidis_secondary
vik_church	1572	vik_reg_loidis_secondary
vik_craft_merchant	1573	vik_reg_loidis_secondary
vik_forge	1574	vik_reg_loidis_secondary
vik_wood	1575	vik_reg_loidis_secondary
vik_workshop	1576	vik_reg_loidis_secondary
vik_warehouse	1577	vik_reg_loidis_secondary
vik_textiles	1578	vik_reg_loidis_secondary
vik_thing	1579	vik_reg_loidis_secondary
vik_thrall	1580	vik_reg_loidis_secondary
vik_moot_hill	1581	vik_reg_loidis_secondary
vik_mint	1582	vik_reg_loidis_secondary
vik_merchant	1583	vik_reg_loidis_secondary
vik_market_fair	1585	vik_reg_loidis_secondary
vik_court	1586	vik_reg_loidis_secondary
vik_estate	1587	vik_reg_loidis_secondary
vik_high_cross	1588	vik_reg_loidis_secondary
vik_tools	1589	vik_reg_loidis_secondary
vik_great_hall	1590	vik_reg_cippanhamm_primary
vik_arena	1591	vik_reg_cippanhamm_secondary
vik_artisans	1592	vik_reg_cippanhamm_secondary
vik_church	1595	vik_reg_cippanhamm_secondary
vik_craft_merchant	1596	vik_reg_cippanhamm_secondary
vik_forge	1597	vik_reg_cippanhamm_secondary
vik_wood	1598	vik_reg_cippanhamm_secondary
vik_workshop	1599	vik_reg_cippanhamm_secondary
vik_warehouse	1600	vik_reg_cippanhamm_secondary
vik_textiles	1601	vik_reg_cippanhamm_secondary
vik_thing	1602	vik_reg_cippanhamm_secondary
vik_thrall	1603	vik_reg_cippanhamm_secondary
vik_moot_hill	1604	vik_reg_cippanhamm_secondary
vik_mint	1605	vik_reg_cippanhamm_secondary
vik_merchant	1606	vik_reg_cippanhamm_secondary
vik_market_fair	1608	vik_reg_cippanhamm_secondary
vik_court	1609	vik_reg_cippanhamm_secondary
vik_estate	1610	vik_reg_cippanhamm_secondary
vik_high_cross	1611	vik_reg_cippanhamm_secondary
vik_tools	1612	vik_reg_cippanhamm_secondary
vik_iron	1613	vik_reg_cissanbyrig_primary
vik_martyrs_mint	1614	vik_reg_cissanbyrig_secondary
vik_garrison	1615	vik_reg_cissanbyrig_secondary
vik_alehouse	1616	vik_reg_cissanbyrig_secondary
vik_abbey	1617	vik_reg_cissanbyrig_secondary
vik_tanner	1618	vik_reg_cissanbyrig_secondary
vik_granary	1619	vik_reg_cissanbyrig_secondary
vik_mill	1620	vik_reg_cissanbyrig_secondary
vik_farm	1621	vik_reg_ethandun_primary
vik_pottery	1622	vik_reg_wiltun_primary
vik_konungsgurtha	9000	vik_reg_eoferwic_secondary
vik_fogou	9001	vik_reg_tintagol_secondary
vik_embroiders	9002	vik_reg_cantwaraburg_secondary
vik_scoan_abbey	9003	vik_reg_scoan_secondary
vik_sculptors	9004	vik_reg_guvan_secondary
vik_st_swithun	9005	vik_reg_wintanceaster_secondary
vik_guildhall	9006	vik_reg_lunden_secondary
vik_nunnaminster	9007	vik_reg_wintanceaster_secondary
vik_court_school	9008	vik_reg_wintanceaster_secondary
vik_runestone	9009	vik_reg_casteltoun_secondary
vik_st_brigit	9010	vik_reg_nas_secondary
vik_apple_ash	9011	vik_reg_cair_gwent_secondary
